LDGS_NM,CTPRVN_NM,GUGUN_NM,LDGS_ADDR,PET_INFO_CN
제주 코델리아 S 호텔,제주,서귀포시,제주특별자치도 서귀포시 성산읍 일주동로 4186,"['반려동물 동반 불가', '장애인 안내 동물 동반 가능']"
퍼스트70 호텔,제주,서귀포시,제주특별자치도 서귀포시 명동로 46,"['반려동물 동반 불가', '장애인 안내 동물 동반 가능']"
컬러인제주,제주,서귀포시,제주특별자치도 서귀포시 성산읍 난고로42번길 24,['반려동물 동반 불가']
3S 호텔,서울,금천구,서울 금천구 시흥대로 353,['반려동물 동반 불가']
호텔 마리나베이 서울,경기,김포시,경기 김포시 고촌읍 아라육로152번길 210-50,['반려동물 동반 불가']
이천 브라운도트 이천터미널점,경기,이천시,경기 이천시 애련정로87번길 52-8,['반려동물 동반 불가']
베스트 웨스턴 프리미어 인천에어포트,인천,중구,인천 중구 공항로424번길 48-27,['반려동물 동반 불가']
더코노셔 레지던스 호텔,서울,영등포구,서울 영등포구 국회대로68길 24,['반려동물 동반 불가']
이천 스카이썬호텔,경기,이천시,경기 이천시 중리천로 126,['반려동물 동반 불가']
아비오 호텔,강원,강릉시,강원 강릉시 창해로 229,['반려동물 동반 불가']
그랜드 시티 호텔 창원,경남,창원시,경남 창원시 성산구 중앙대로 78,"['반려동물 동반 불가', '장애인 안내 동물 동반 가능']"
창원 팔용동 프라하 호텔,경남,창원시,경남 창원시 의창구 창원대로363번길 22-11,['반려동물 동반 불가']
파크뷰테라스 호텔,경기,파주시,경기 파주시 소리천로 39,['반려동물 동반 불가']
케이힐스 더테라스,경기,파주시,경기 파주시 심학산로 628,['반려동물 동반 불가']
루소호텔,강원,강릉시,강원 강릉시 교동광장로100번길 12,['반려동물 동반 불가']
VV호텔,강원,강릉시,강원 강릉시 하슬라로192번길 22-1,['반려동물 동반 불가']
씨사이드아덴,제주,서귀포시,제주특별자치도 서귀포시 중문관광로 124,"['반려동물 동반 불가', '장애인 안내 동물 동반 가능']"
라마다 바이 윈덤 군산,전북,군산시,전북 군산시 대학로 400,['반려동물 동반 불가']
대구 메리어트 호텔,대구,동구,대구 동구 동부로26길 6,"['반려동물 동반 불가', '장애인 안내 동물 동반 가능']"
쏠비치 양양,강원,양양군,강원 양양군 손양면 선사유적로 678,"['반려동물 동반 불가', '장애인 안내 동물 동반 가능']"
더앤리조트 호텔 & 스파,강원,양양군,강원 양양군 현남면 개매길 260,"['반려동물 동반 불가', '장애인 안내 동물 동반 가능']"
센텀마크 호텔 양양,강원,양양군,강원 양양군 양양읍 한고개길 9,"['반려동물 동반 불가', '장애인 안내 동물 동반 가능']"
양양 비치 콘도,강원,양양군,강원 양양군 양양읍 일출로 159-6,['반려동물 동반 불가']
오션벨리 리조트,강원,양양군,강원 양양군 양양읍 일출로 127-30,['반려동물 동반 불가']
담양 소나무펜션,전남,담양군,전남 담양군 담양읍 세솔길 10,['반려동물 동반 불가']
담양 메타 호텔 & 리조트,전남,담양군,전남 담양군 담양읍 메타프로방스3길 4-6,['반려동물 동반 불가']
서귀포 해비치하우스펜션,제주,서귀포시,제주특별자치도 서귀포시 표선면 민속해안로 347,['반려동물 동반 불가']
서귀포 펠리시아호텔,제주,서귀포시,제주특별자치도 서귀포시 일주동로 9123,['반려동물 동반 불가']
블랑블루펜션,제주,서귀포시,제주특별자치도 서귀포시 남원읍 남태해안로 135,['반려동물 동반 불가']
부산 그레이샌즈풀빌라,부산,해운대구,부산 해운대구 송정해변로 30-1,['반려동물 동반 불가']
달그림고운펜션,강원,춘천시,강원 춘천시 동내면 춘천순환로116번길 8,['반려동물 동반 불가']
모헤닉호텔 서울 명동,서울,중구,서울 중구 퇴계로 115,['반려동물 동반 불가']
G3 호텔 충무로,서울,중구,서울 중구 충무로 7,['반려동물 동반 불가']
인터시티 서울,서울,강서구,서울 강서구 마곡중앙6로 76-3,['반려동물 동반 불가']
퍼스트스테이호텔,서울,강서구,서울 강서구 마곡동로4길 23,"['반려동물 동반 불가', '장애인 안내 동물 동반 가능']"
(반려동물동반전용호텔) 더 펫텔,부산,해운대구,부산 해운대구 해운대해변로197번길 12,"['반려동물 동반 무료(반려견과 반려묘만 허용, 객실당 1마리, 1마리당 최대 15 kg)', '제한 사항 적용*', '먹이/물 그릇 이용 가능']"
캔버스호스텔,부산,해운대구,부산 해운대구 해운대해변로197번길 14,['반려동물 동반 불가']
연화문호텔,경북,영덕군,경북 영덕군 남정면 동해대로 3472,"['반려동물 동반 불가', '장애인 안내 동물 동반 가능']"
동탄 호텔오붓 동탄역점,경기,화성시,경기 화성시 오산동 962-31,['반려동물 동반 불가']
이엘 호텔,강원,양양군,강원 양양군 강현면 동해대로 3347,"['반려동물 동반 불가', '장애인 안내 동물 동반 가능']"
양양국제공항호텔,강원,양양군,강원 양양군 손양면 동해대로 2338,"['반려동물 동반 불가', '장애인 안내 동물 동반 가능']"
투와이호텔,강원,양양군,강원 양양군 강현면 동해대로 3277-3,"['반려동물 동반 불가', '장애인 안내 동물 동반 가능']"
낙산 비치 호텔,강원,양양군,강원 양양군 강현면 낙산사로 73,['반려동물 동반 불가']
디그니티호텔,강원,양양군,강원 양양군 양양읍 조산리 384-28,"['반려동물 동반 불가', '장애인 안내 동물 동반 가능']"
탑 클라우드 호텔 광주,광주,광산구,광주 광산구 임방울대로825번길 57-1,"['반려동물 동반 불가', '장애인 안내 동물 동반 가능']"
광주 주월동 어썸 부띠크 호텔,광주,남구,광주 남구 봉선로9번길 31-1,['반려동물 동반 불가']
이코노미 호텔 명동 프리미어,서울,중구,서울 중구 명동8나길 9,['반려동물 동반 불가']
라인호텔명동,서울,중구,서울 중구 명동3길 36,['반려동물 동반 불가']
이끌림 비지니스 호텔,광주,동구,광주 동구 천변우로 407,['반려동물 동반 불가']
동탄 저스트슬립호텔 동탄역점,경기,화성시,경기 화성시 동탄대로11길 83,['반려동물 동반 불가']
호시카게 료칸 호텔,부산,기장군,부산 기장군 기장읍 대변로 133,['반려동물 또는 장애인 안내 동물 동반 불가']
토모노야 호텔 & 료칸 대천,충남,보령시,충남 보령시 해안로 341,['반려동물 동반 불가']
Tomonoya Hotel & Ryokan Gyeongju,경북,경주시,경북 경주시 감포읍 동해안로 2401,['반려동물 동반 불가']
블룸호텔,제주,서귀포시,제주특별자치도 서귀포시 중문관광로72번길 53,"['반려동물 동반 불가', '장애인 안내 동물 동반 가능']"
산방산호텔,제주,서귀포시,제주특별자치도 서귀포시 대정읍 일주서로 2093,['반려동물 동반 불가']
담모라 리조트,제주,서귀포시,제주특별자치도 서귀포시 안덕면 일주서로 1975-11,['반려동물 동반 불가']
호텔 케니 모슬포,제주,서귀포시,제주특별자치도 서귀포시 대정읍 하모중앙로 22,"['반려동물 동반 불가', '장애인 안내 동물 동반 가능']"
신신호텔 제주월드컵,제주,서귀포시,제주특별자치도 서귀포시 서호중로 55,['반려동물 동반 불가']
신신호텔 천지연,제주,서귀포시,제주특별자치도 서귀포시 서문로 42-1,['반려동물 동반 불가']
다락휴 여수 캡슐호텔 by 워커힐,전남,여수시,전남 여수시 박람회길 1,['반려동물 동반 불가']
호텔 케니 기장,부산,기장군,부산 기장군 기장읍 차성남로51번길 26,['반려동물 동반 불가']
헤이 서귀포,제주,서귀포시,제주특별자치도 서귀포시 태평로 363,['반려동물 동반 불가']
호텔 화인 제주,제주,서귀포시,제주특별자치도 서귀포시 칠십리로 87,['반려동물 동반 불가']
노블피아 호텔,제주,서귀포시,제주특별자치도 서귀포시 명동로 46,['반려동물 동반 불가']
파크선샤인 제주,제주,서귀포시,제주특별자치도 서귀포시 남성중로 135,['반려동물 동반 불가']
DW 스테이 홍대,서울,마포구,서울 마포구 연남로1길 8-12,['반려동물 동반 불가']
부산 송정 하운드 송정해수욕장,부산,해운대구,부산 해운대구 송정중앙로36번길 56,['반려동물 동반 불가']
쏘타컬렉션 더 오시리아,부산,기장군,부산 기장군 기장읍 동부산관광7로 17,['반려동물 동반 불가']
르컬렉티브 오시리아,부산,기장군,부산 기장군 기장읍 동부산관광7로 17,['반려동물 동반 불가']
브라운도트 서면비즈니스,부산,부산진구,부산 부산진구 가야대로756번길 16,['반려동물 동반 불가']
레니스 호텔 서면,부산,부산진구,부산 부산진구 중앙대로691번가길 24-9,['반려동물 동반 불가']
연산 하운드호텔,부산,연제구,부산 연제구 월드컵대로153번길 9,['반려동물 동반 불가']
어반스테이 부산연산,부산,연제구,부산 연제구 중앙대로 1116-8,['반려동물 동반 불가']
르컬렉티브 부산역,부산,동구,부산 동구 충장대로 160,['반려동물 동반 불가']
서면 레이나 호텔,부산,부산진구,부산 부산진구 부전로20번길 40-7,"['반려동물 동반 불가', '장애인 안내 동물 동반 가능']"
YTT 모텔,부산,부산진구,부산 부산진구 중앙대로691번가길 27,['반려동물 동반 불가']
부산 서면 비즈니스 호텔 J7,부산,부산진구,부산 부산진구 부전로20번길 10,['반려동물 동반 불가']
브라운도트 서면1호점,부산,부산진구,부산 부산진구 서전로9번길 30,['반려동물 동반 불가']
어반스테이 서면,부산,부산진구,부산 부산진구 중앙대로 752,['반려동물 동반 불가']
서초 인토라온 호텔 & 레지던스,서울,서초구,서울 서초구 효령로53길 50,"['반려동물 동반 가능', '장애인 안내 동물 동반 가능']"
어반스테이 명동,서울,중구,서울 중구 충무로 24,['반려동물 동반 불가']
어반스테이 동탄,경기,화성시,경기 화성시 반송동 94,['반려동물 동반 불가']
스타즈 호텔 프리미어 동탄,경기,화성시,경기 화성시 동탄반석로 171,"['반려동물 동반 불가', '장애인 안내 동물 동반 가능']"
베이몬드호텔,부산,해운대구,부산 해운대구 해운대해변로209번가길 27,['반려동물 동반 불가']
그레이 193 호텔,부산,수영구,부산 수영구 광안해변로278번길 42,['반려동물 동반 불가']
벤티모 호텔 앤 레지던스 제주,제주,제주시,제주특별자치도 제주시 연삼로 14,"['반려동물 동반 불가', '장애인 안내 동물 동반 가능']"
어반스테이 제주연동,제주,제주시,제주특별자치도 제주시 연동6길 5,['반려동물 동반 불가']
하운드 가든&테라스 호텔,부산,해운대구,부산 해운대구 구남로12번길 55,"['반려동물 동반 불가', '장애인 안내 동물 동반 가능']"
SR Suites 분당,경기,성남시,경기 성남시 분당구 황새울로319번길 9,"['반려동물 동반 불가', '장애인 안내 동물 동반 가능']"
호텔 선샤인 서울,서울,강남구,서울 강남구 도산대로 205,['반려동물 동반 불가']
호텔 인트로,강원,춘천시,강원도 춘천시 퇴계로77번길 22 (퇴계동),"['반려동물 동반 불가', '장애인 안내 동물 동반 가능']"
소피텔 앰배서더 서울 호텔 & 서비스드 레지던스,서울,송파구,서울 송파구 잠실로 209,"['반려동물 동반 불가', '장애인 안내 동물 동반 가능']"
오션뷰 호텔,부산,수영구,부산 수영구 광안해변로278번길 42,['반려동물 동반 불가']
까사로마호텔,제주,서귀포시,제주특별자치도 서귀포시 태평로 347,['반려동물 동반 불가']
엠제이 리조트,제주,제주시,제주특별자치도 제주시 구좌읍 해맞이해안로 1651,['반려동물 동반 불가']
호텔 스카브로,제주,서귀포시,제주특별자치도 서귀포시 예래해안로 15,['반려동물 동반 불가']
진주 충무공동 피렌체,경남,진주시,경남 진주시 에나로 103-7,['반려동물 동반 불가']
골든 비즈니스 호텔,경남,진주시,경남 진주시 에나로 101,['반려동물 동반 불가']
뉴 그랜드 호텔,경남,진주시,경남 진주시 에나로 97,['반려동물 동반 불가']
브라운도트 호텔 진주충무공점,경남,진주시,경남 진주시 영천강로 164,['반려동물 동반 불가']
뉴 라온스테이,경남,진주시,경남 진주시 영천강로 166,['반려동물 동반 불가']
에이치에비뉴 광안리해변점,부산,수영구,부산 수영구 광안해변로278번길 42,['반려동물 동반 불가']
호텔28 명동,서울,중구,서울 중구 명동7길 13,['반려동물 동반 불가']
에코랜드 호텔,제주,제주시,제주특별자치도 제주시 조천읍 번영로 1278-169,['반려동물 동반 불가']
랜딩관 제주신화월드 호텔앤리조트,제주,서귀포시,제주특별자치도 서귀포시 안덕면 신화역사로304번길 38,['반려동물 동반 불가']
플레이스 캠프 제주,제주,서귀포시,제주특별자치도 서귀포시 성산읍 동류암로 20,['반려동물 동반 불가']
엘리에나 호텔,서울,강남구,서울 강남구 논현로 645,['반려동물 동반 불가']
"조선 팰리스 서울 강남, 럭셔리 컬렉션 호텔",서울,강남구,서울 강남구 테헤란로 231,['반려동물 동반 불가']
센텀 스위트 호텔,부산,해운대구,부산 해운대구 센텀1로 17,['반려동물 동반 불가']
센텀 빅토리아 호텔,부산,해운대구,부산 해운대구 센텀3로 20,['반려동물 동반 불가']
그리핀베이호텔,부산,중구,부산 중구 자갈치로59번길 6,"['반려동물 동반 불가', '장애인 안내 동물 동반 가능']"
한림리조트,제주,제주시,제주특별자치도 제주시 한림읍 일주서로 5083-5,['반려동물 동반 불가']
황남관,경북,경주시,경북 경주시 포석로 1038,['반려동물 동반 불가']
경주 일성콘도,경북,경주시,경북 경주시 보문로 365,['반려동물 동반 불가']
베니키아 스위스 로젠 호텔,경북,경주시,경북 경주시 보문로 465-37,['반려동물 동반 불가']
성호 리조트,경북,경주시,경북 경주시 외동읍 영지로 636,['반려동물 동반 불가']
마우나오션리조트,경북,경주시,경북 경주시 양남면 동남로 1021,"['반려동물 동반 무료(반려견만 허용, 객실당 1마리, 1마리당 최대 10 kg)', '장애인 안내 동물 동반 가능', '특정 객실만, 제한 사항 적용*', '반려동물 감독 필수', '먹이/물 그릇, 반려동물용 변기 이용 가능']"
L7 명동 바이 롯데,서울,중구,서울 중구 퇴계로 137,"['반려동물 동반 불가', '장애인 안내 동물 동반 가능']"
어반스테이 인천송도,인천,연수구,인천 연수구 아트센터대로168번길 101,['반려동물 동반 불가']
목시 서울 명동,서울,중구,서울 중구 명동8나길 38,['반려동물 동반 불가']
이비스 스타일 앰배서더 서울 용산 - 서울드래곤시티 호텔,서울,용산구,서울 용산구 청파로20길 95,"['반려동물 동반 불가', '장애인 안내 동물 동반 가능']"
파르나스 호텔 제주,제주,서귀포시,제주특별자치도 서귀포시 중문관광로72번길 100,"['반려동물 동반 불가', '장애인 안내 동물 동반 가능']"
팜파스 리조트,강원,속초시,강원 속초시 동해대로 3964,['반려동물 동반 불가']
그랜드 팰리스 호텔,인천,남동구,인천 남동구 호구포로 211,['반려동물 동반 불가']
더 호텔 수,전남,여수시,전남 여수시 돌산읍 엑스포대로 71,['반려동물 동반 불가']
더위크앤 리조트,인천,중구,인천 중구 을왕동 773,['반려동물 동반 불가']
호텔현대 바이 라한 목포,전남,영암군,전남 영암군 삼호읍 대불로 91,"['반려동물 동반 불가', '장애인 안내 동물 동반 가능']"
씨원리조트 자은도,전남,신안군,전남 신안군 자은면 자은서부1길 163-101,['반려동물 동반 불가']
라마다 프라자 바이 윈덤 자은도,전남,신안군,전남 신안군 자은면 자은서부1길 163-101,"['반려동물 동반 불가', '장애인 안내 동물 동반 가능']"
제주 썬호텔&카지노,제주,제주시,제주특별자치도 제주시 삼무로 67,"['반려동물 동반 불가', '장애인 안내 동물 동반 가능']"
UH 스위트 더 해운대,부산,해운대구,부산 해운대구 해운대해변로 271,"['반려동물 동반 불가', '장애인 안내 동물 동반 가능']"
부산 시티 호텔,부산,연제구,부산 연제구 신촌로 19,['반려동물 동반 불가']
호텔 아몬드 부산역,부산,동구,부산 동구 중앙대로196번길 12-5,['반려동물 동반 불가']
호텔 스탕달,대전,유성구,대전 유성구 온천북로 14,['반려동물 동반 불가']
사보이 호텔,서울,중구,서울 중구 명동8나길 10,['반려동물 동반 불가']
청초호베스트호텔,강원,속초시,강원 속초시 청초호반로 28,['반려동물 동반 불가']
소노펠리체 델피노,강원,고성군,강원 고성군 토성면 미시령옛길 1153,['반려동물 동반 불가']
노스하버호텔 부산,부산,영도구,부산 영도구 태종로 45,['반려동물 동반 불가']
아일랜드호텔부산,부산,영도구,부산 영도구 태종로 45,"['반려동물 동반 불가', '장애인 안내 동물 동반 가능']"
시타딘 커넥트 하리 부산,부산,영도구,부산 영도구 동삼오션로 58,"['반려동물 동반 불가', '장애인 안내 동물 동반 가능']"
부산영도 그랜드베른 호텔,부산,영도구,부산 영도구 해양로 38,['반려동물 동반 불가']
호텔아델라,부산,영도구,부산 영도구 태종로 45,['반려동물 동반 불가']
울산 일산 호텔 MVG,울산,동구,울산 동구 해수욕장10길 102,['반려동물 동반 불가']
프렌치코드 호텔 일산비치점,울산,동구,울산 동구 해수욕장5길 26,['반려동물 동반 불가']
울산 일산 호텔 먹자 닷컴,울산,동구,울산 동구 해수욕장2길 39,['반려동물 동반 불가']
울산 진장동 그라운드7,울산,북구,울산 북구 진장1길 7,['반려동물 동반 불가']
부산 명지 씨엘 오션 호텔,부산,강서구,부산 강서구 명지국제6로34번길 22,['반려동물 동반 불가']
프렌치코드 호텔,부산,강서구,부산 강서구 명지오션시티5로 8,['반려동물 동반 불가']
부산 명지 넘버25 명지서부지청점,부산,강서구,부산 강서구 명지국제2로28번길 7,['반려동물 동반 불가']
명지 더 포인트 호텔,부산,강서구,부산 강서구 명지국제2로28번길 8,['반려동물 동반 불가']
호텔오유,부산,강서구,부산 강서구 명지국제6로 21,['반려동물 동반 불가']
SR호텔 사당,서울,동작구,서울 동작구 동작대로1길 15,['반려동물 동반 불가']
소테츠 프레사 인 서울 명동,서울,중구,서울 중구 명동길 48,['반려동물 동반 불가']
필스테이 명동스테이션,서울,중구,서울 중구 명동8가길 7,"['반려동물 동반 불가', '장애인 안내 동물 동반 가능']"
스텝인 명동 1,서울,중구,서울 중구 명동길 55,['반려동물 동반 불가']
오요 호스텔 명동 2,서울,중구,서울 중구 명동8가길 52,['반려동물 동반 불가']
서울 오요호스텔 명동3,서울,중구,서울 중구 명동10길 35-20,['반려동물 동반 불가']
선셋 비즈니스 호텔,부산,해운대구,부산 해운대구 구남로 46,"['반려동물 동반 가능(반려견과 반려묘만 허용, 객실당 1마리, 1마리당 최대 10 kg)*', '장애인 안내 동물 동반 가능', '특정 객실만, 제한 사항 적용*', '반려동물 감독 필수']"
블루 원 리조트,경북,경주시,경북 경주시 보불로 391,['반려동물 동반 불가']
신라스테이 여수,전남,여수시,전남 여수시 수정3길 8,"['반려동물 동반 불가', '장애인 안내 동물 동반 가능']"
하이호텔,울산,동구,울산 동구 바드래5길 11-6,['반려동물 동반 불가']
스타마린펜션 - V동,경남,거제시,경남 거제시 일운면 거제대로 1748,['반려동물 동반 불가']
거제도 지니스파펜션,경남,거제시,경남 거제시 장목면 서목길 3-2,['반려동물 동반 불가']
거제도 디스커버리풀빌라,경남,거제시,경남 거제시 장목면 옥포대첩로 1248,['반려동물 동반 불가']
솔스파펜션,경남,거제시,경남 거제시 장목면 옥포대첩로 1084-4,['반려동물 동반 불가']
상주호텔 서울,서울,송파구,서울 송파구 올림픽로8길 19,"['반려동물 동반 불가', '장애인 안내 동물 동반 가능']"
웨스틴 조선 부산,부산,해운대구,부산 해운대구 동백로 67,['반려동물 동반 불가']
"포 포인츠 바이 쉐라톤 조선, 서울역",서울,용산구,서울 용산구 한강대로 366,"['반려동물 동반 불가', '장애인 안내 동물 동반 가능']"
어반스테이 여수웅천,전남,여수시,전남 여수시 웅천남1로 66,['반려동물 동반 불가']
베이원 파크,전남,여수시,전남 여수시 웅천로 90,['반려동물 동반 불가']
페어몬트 앰배서더 서울,서울,영등포구,서울 영등포구 여의대로 108,"['반려동물 동반 불가', '장애인 안내 동물 동반 가능']"
호텔 헤이븐,전남,여수시,전남 여수시 돌산읍 진두해안길 131,['반려동물 동반 불가']
춘천 필,강원,춘천시,강원 춘천시 남춘로 30-1,['반려동물 동반 불가']
춘천 올리브,강원,춘천시,강원 춘천시 퇴계로77번길 10,['반려동물 동반 불가']
춘천 호텔 리츠,강원,춘천시,강원 춘천시 공지로451번길 1,['반려동물 동반 불가']
호텔 몽 춘천,강원,춘천시,강원 춘천시 춘천로68번길 21,['반려동물 동반 불가']
춘천 아이호텔,강원,춘천시,강원 춘천시 공지로347번길 6,['반려동물 동반 불가']
서면 덴바스타 센트럴호텔,부산,부산진구,부산 부산진구 중앙대로691번길 53,['반려동물 동반 불가']
G&G 호텔,부산,부산진구,부산 부산진구 부전로20번길 36,['반려동물 동반 불가']
클럽 호텔 서면,부산,부산진구,부산 부산진구 중앙대로691번길 46,['반려동물 동반 불가']
스테이웰 호텔,부산,중구,부산 중구 구덕로 22,"['반려동물 동반 불가', '장애인 안내 동물 동반 가능']"
하운드 호텔 남포,부산,중구,부산 중구 대청로126번길 9,['반려동물 동반 불가']
호텔 버튼,부산,서구,부산 서구 구덕로114번길 27,['반려동물 동반 불가']
YTT 호텔 남포,부산,중구,부산 중구 백산길 15,['반려동물 동반 불가']
플래티넘호텔,부산,중구,부산 중구 광복로 50,['반려동물 동반 불가']
브라운도트 호텔 남포충무점,부산,중구,부산 중구 광복로 50,['반려동물 동반 불가']
호텔 라피네,강원,강릉시,강원도 강릉시 구정면 회산로 58-12,['반려동물 동반 불가']
강릉 파인 시티 호텔,강원,강릉시,강원도 강릉시 옥천로62번길 13,['반려동물 동반 불가']
강릉씨티호텔,강원,강릉시,강원도 강릉시 교동광장로100번길 19,['반려동물 동반 불가']
강릉 부티크호텔 봄봄,강원,강릉시,강원도 강릉시 교동광장로100번길 19,['반려동물 동반 불가']
루이스 호텔,강원,강릉시,강원도 강릉시 옥가로50번길 11-1,['반려동물 동반 불가']
강릉 브라운도트 강릉경포점,강원,강릉시,강원도 강릉시 창해로 429,['반려동물 동반 불가']
호텔 큐브,강원,강릉시,강원도 강릉시 창해로 431,['반려동물 동반 불가']
거제 오아시스 호텔,경남,고성군,경상남도 고성군 마암면 두호1길 63,['반려동물 동반 불가']
베스트루이스해밀턴호텔 오션테라스,부산,기장군,부산광역시 기장군 기장읍 연화1길 27,"['반려동물 동반 불가', '장애인 안내 동물 동반 가능']"
한화리조트 해운대,부산,해운대구,부산광역시 해운대구 마린시티3로 52,['반려동물 동반 불가']
애월 스테이 인 제주 호텔 & 리조트,제주,제주시,제주특별자치도 제주시 애월읍 애월해안로 708,['반려동물 동반 불가']
제주 마레보 비치 호텔,제주,제주시,제주특별자치도 제주시 애월읍 곽지1길 23,['반려동물 동반 불가']
양지파인리조트,경기,용인시,경기 용인시 처인구 양지면 남곡리 18-1,['반려동물 동반 불가']
나인트리 프리미어 호텔 서울 판교,경기,성남시,경기 성남시 수정구 창업로 18,"['반려동물 동반 불가', '장애인 안내 동물 동반 가능']"
테이크호텔,경기,광명시,경기 광명시 신기로 22,"['반려동물 동반 가능(반려견만 허용, 객실당 2마리, 1마리당 최대 11 kg)', '장애인 안내 동물 동반 가능', '특정 객실만, 제한 사항 적용*', '반려동물 감독 필수', '먹이/물 그릇, 반려동물용 변기 이용 가능']"
"보코서울강남, IHG 호텔",서울,강남구,서울 강남구 도산대로 144,"['반려동물 동반 불가', '장애인 안내 동물 동반 가능']"
라까사호텔 서울,서울,강남구,서울 강남구 도산대로1길 83,['반려동물 동반 불가']
고성 명품무인호텔 시그니처,경남,고성군,경남 고성군 고성읍 송학고분로 21-29,['반려동물 동반 불가']
엘시티레지던스 와이컬렉션,부산,해운대구,부산 해운대구 달맞이길 30,['반려동물 동반 불가']
나비 호스텔,서울,마포구,서울 마포구 양화로 177-1,"['반려동물 동반 불가', '장애인 안내 동물 동반 가능']"
컨피네스 오션 스위트,강원,강릉시,강원 강릉시 사천면 진리항구2길 5,"['반려동물 동반 불가', '장애인 안내 동물 동반 가능']"
SL 호텔 강릉,강원,강릉시,강원 강릉시 주문진읍 주문로 59,['반려동물 동반 불가']
호텔 탑스텐,강원,강릉시,강원 강릉시 옥계면 헌화로 455-34,['반려동물 동반 불가']
"호텔 오노마, 대전, 오토그래프 컬렉션",대전,유성구,대전 유성구 엑스포로 1,"['반려동물 동반 불가', '장애인 안내 동물 동반 가능']"
베스트 웨스턴 플러스 호텔 세종,세종,도움1로,세종특별자치시 도움1로 7,['반려동물 동반 불가']
에스엔 호텔,대전,유성구,대전 유성구 테크노중앙로 69,['반려동물 동반 불가']
베니키아 테크노밸리 호텔,대전,유성구,대전 유성구 테크노중앙로 57,['반려동물 동반 불가']
라마다호텔 대전,전남,여수시,전남 여수시 돌산읍 강남로 11,"['반려동물 동반 불가', '장애인 안내 동물 동반 가능']"
호텔 스카이파크 대전1호점,대전,유성구,대전 유성구 테크노중앙로 161,['반려동물 동반 불가']
호텔 더 디자이너스 종로,서울,종로구,서울 종로구 수표로 89-8,['반려동물 동반 불가']
통통 쁘띠호텔,서울,종로구,서울 종로구 율곡로10길 91,['반려동물 동반 불가']
호텔 파이 종로,서울,종로구,서울 종로구 창경궁로16가길 9,['반려동물 동반 불가']
여수스테이호텔,전남,여수시,전남 여수시 봉산남8길 17-15,['반려동물 동반 불가']
호텔 더원 여수,전남,여수시,전남 여수시 국포1로 6,"['반려동물 동반 불가', '장애인 안내 동물 동반 가능']"
여수 호텔 퍼스트시티,전남,여수시,전남 여수시 웅천남1로 52,['반려동물 동반 불가']
여수 웅천 퍼스트 바이 쏘타,전남,여수시,전남 여수시 웅천남1로 52,['반려동물 동반 불가']
쏘타컬렉션 더 여수,전남,여수시,전남 여수시 국동남6길 49-10,"['반려동물 동반 불가', '장애인 안내 동물 동반 가능']"
머큐어 앰배서더 울산,울산,북구,울산 북구 강동산하2로 7,['반려동물 동반 불가']
뉴제주호텔,제주,제주시,제주특별자치도 제주시 원노형6길 2,['반려동물 동반 불가']
부산역 시티호텔,부산,동구,부산 동구 중앙대로 294,"['반려동물 동반 불가', '장애인 안내 동물 동반 가능']"
소노벨 청송,경북,청송군,경북 청송군 주왕산면 주왕산로 494-1,"['반려동물 동반 불가', '장애인 안내 동물 동반 가능']"
더 그랜드 섬오름,제주,서귀포시,제주특별자치도 서귀포시 막숙포로 114,['반려동물 동반 불가']
와이리조트,제주,서귀포시,제주특별자치도 서귀포시 안덕면 화순중앙로124번길 75,['반려동물 동반 불가']
썬앤문리조트,제주,서귀포시,제주특별자치도 서귀포시 안덕면 사계남로 102,"['반려동물 동반 불가', '장애인 안내 동물 동반 가능']"
더 케이 호텔 경주,경북,경주시,경북 경주시 엑스포로 45,['반려동물 동반 불가']
토모노야 료칸,경남,거제시,경남 거제시 동부면 거제중앙로 42,"['반려동물 동반 불가', '장애인 안내 동물 동반 가능']"
호텔스카이파크 명동1호점,서울,중구,서울 중구 명동8나길 15,['반려동물 동반 불가']
스탠포드호텔 명동,서울,중구,서울 중구 남대문로 84,['반려동물 동반 불가']
하이원 콘도,강원,정선군,강원 정선군 고한읍 하이원길 265-1,"['반려동물 동반 불가', '장애인 안내 동물 동반 가능']"
웰리힐리파크,강원,횡성군,강원 횡성군 둔내면 고원로 451,['반려동물 동반 불가']
용평리조트 드래곤밸리호텔,강원,평창군,강원 평창군 대관령면 올림픽로 715,['반려동물 동반 불가']
소노벨 경주,경북,경주시,경북 경주시 보문로 402-12,"['반려동물 동반 불가', '장애인 안내 동물 동반 가능']"
켄싱턴리조트 제주한림,제주,제주시,제주특별자치도 제주시 한림읍 귀덕리 3861,"['반려동물 동반 불가', '장애인 안내 동물 동반 가능']"
켄싱턴호텔 평창,강원,평창군,강원 평창군 진부면 간평리 221-1,"['반려동물 동반 불가', '장애인 안내 동물 동반 가능']"
"포 포인츠 바이 쉐라톤 조선, 서울 명동",서울,중구,서울 중구 삼일대로10길 36,"['반려동물 동반 불가', '장애인 안내 동물 동반 가능']"
속초 라마다호텔,강원,속초시,강원 속초시 대포항희망길 106,"['반려동물 동반 불가', '장애인 안내 동물 동반 가능']"
호텔더블루테라,강원,속초시,강원 속초시 조양동 1493-7,['반려동물 동반 불가']
속초 마리나베이 호텔,강원,속초시,강원 속초시 청초호반로 28,"['반려동물 동반 불가', '장애인 안내 동물 동반 가능']"
리센 오션파크 속초,강원,속초시,강원 속초시 해오름로 167,['반려동물 동반 불가']
월드스카이호텔,강원,속초시,강원 속초시 청학동 482-524,['반려동물 동반 불가']
어반스테이 속초해변,강원,속초시,강원 속초시 조양동 1450-6,['반려동물 동반 불가']
썬라이즈 호텔,강원,속초시,강원 속초시 청초호반로 291,['반려동물 동반 불가']
체스터톤스 속초,강원,속초시,강원 속초시 엑스포로 109,"['반려동물 동반 불가', '장애인 안내 동물 동반 가능']"
씨 크루즈 호텔,강원,속초시,강원 속초시 청초호반로 273,"['반려동물 동반 불가', '장애인 안내 동물 동반 가능']"
어반스테이 속초등대,강원,속초시,강원 속초시 영랑동 148-45,['반려동물 동반 불가']
헤븐마크 인 속초,강원,속초시,강원 속초시 영랑해안8길 11,['반려동물 동반 불가']
오션힐 호텔 드림 여수,전남,여수시,전남 여수시 돌산읍 강남해안로 81,"['반려동물 동반 불가', '장애인 안내 동물 동반 가능']"
아난티 힐튼 부산,부산,기장군,부산 기장군 기장읍 기장해안로 268-32,"['반려동물 동반 불가', '장애인 안내 동물 동반 가능']"
바비엥 스위트 2 서비스드 레지던스,서울,중구,서울 중구 통일로 114,['반려동물 동반 불가']
그랜드 호텔,대구,수성구,대구 수성구 동대구로 305,"['반려동물 동반 불가', '장애인 안내 동물 동반 가능']"
한화리조트 경주,경북,경주시,경북 경주시 보문로 182-27,['반려동물 동반 불가']
스타즈 호텔 울산,울산,남구,울산 남구 남중로 65,['반려동물 동반 불가']
휘닉스 평창 리조트,강원,평창군,강원 평창군 봉평면 태기로 174,"['반려동물 동반 가능(반려견과 반려묘만 허용, 객실당 1마리, 1마리당 최대 25 kg)*', '장애인 안내 동물 동반 가능', '특정 객실만, 제한 사항 적용*', '반려동물 감독 필수', '먹이/물 그릇 이용 가능']"
오크밸리 리조트,강원,원주시,강원 원주시 지정면 오크밸리1길 66,['반려동물 동반 불가']
비발디 파크,강원,홍천군,강원 홍천군 서면 한치골길 264,"['반려동물 동반 불가', '장애인 안내 동물 동반 가능']"
켄싱턴리조트 서귀포,제주,서귀포시,제주특별자치도 서귀포시 이어도로 684,['반려동물 동반 불가']
서귀포 에띠에 리조트,제주,서귀포시,제주특별자치도 서귀포시 이어도로 738,['반려동물 동반 불가']
스위트메이 서귀포,제주,서귀포시,제주특별자치도 서귀포시 김정문화로27번길 9-1,['반려동물 동반 불가']
서귀포 JS 호텔,제주,서귀포시,제주 서귀포시 김정문화로 51,['반려동물 동반 불가']
중문시티호텔,제주,서귀포시,제주특별자치도 서귀포시 천제연로188번길 11,['반려동물 동반 불가']
서귀포 중문 제이힐&시티 호텔,제주,서귀포시,제주특별자치도 서귀포시 천제연로188번길 11,['반려동물 동반 불가']
아루미 호텔,제주,서귀포시,제주특별자치도 서귀포시 색달중앙로 38,['반려동물 동반 불가']
중문 리조트,제주,서귀포시,제주특별자치도 서귀포시 색달로 117,"['반려동물 동반 불가', '장애인 안내 동물 동반 가능']"
서귀포 썬라이즈호텔 중문점,제주,서귀포시,제주특별자치도 서귀포시 중문관광로 310,['반려동물 동반 불가']
제주 웨스턴 그레이스 호텔,제주,서귀포시,제주특별자치도 서귀포시 김정문화로27번길 9-7,"['반려동물 동반 가능(반려견만 허용)', '먹이/물 그릇, 반려동물용 변기 이용 가능']"
호텔 스테이 인터뷰 제주,제주,서귀포시,제주특별자치도 서귀포시 중문관광로 288,"['반려동물 동반 불가', '장애인 안내 동물 동반 가능']"
제이뷰호텔,제주,서귀포시,제주특별자치도 서귀포시 중산간서로 935,['반려동물 동반 불가']
키코앤일레인 호텔,제주,서귀포시,제주특별자치도 서귀포시 일주서로 660,['반려동물 동반 불가']
베스트웨스턴플러스 경주,경북,경주시,경북 경주시 감포읍 동해안로 1819-21,['반려동물 동반 불가']
켄싱턴리조트 경주,경북,경주시,경북 경주시 보문로 182-29,['반려동물 동반 불가']
해운대 씨클라우드 호텔 레지던스,부산,해운대구,부산 해운대구 해운대해변로 287,['반려동물 동반 불가']
곤지암리조트,경기,광주시,경기 광주시 도척면 도척윗로 278,['반려동물 동반 불가']
제주 마레보리조트,제주,제주시,제주특별자치도 제주시 애월읍 신엄안3길 135,['반려동물 동반 불가']
돔베리조트,제주,서귀포시,제주특별자치도 서귀포시 호근동 1591,['반려동물 동반 불가']
포트에비뉴,제주,서귀포시,제주특별자치도 서귀포시 대포동서로 63-19,['반려동물 동반 불가']
파밀리아호텔 제주,제주,서귀포시,제주특별자치도 서귀포시 대포동서로 63-20,['반려동물 동반 불가']
힐튼 가든 인 서울 강남,서울,서초구,서울 서초구 강남대로 253,"['반려동물 동반 불가', '장애인 안내 동물 동반 가능']"
신신호텔 서귀포,제주,서귀포시,제주특별자치도 서귀포시 태평로371번길 18,['반려동물 동반 불가']
호텔 에어시티 제주,제주,제주시,제주특별자치도 제주시 삼무로 56,['반려동물 동반 불가']
호텔 레오,제주,제주시,제주특별자치도 제주시 삼무로 14,['반려동물 동반 불가']
호텔 앨리스 앤 트렁크,제주,제주시,제주특별자치도 제주시 연동12길 4,['반려동물 동반 불가']
헨나 호텔 서울 명동,서울,중구,서울 중구 명동8가길 59,['반려동물 동반 불가']
부산 서면 프렌치코드,부산,부산진구,부산 부산진구 황령대로8번길 8,['반려동물 동반 불가']
호텔 리순덕,부산,부산진구,부산 부산진구 범천동 황령대로7번길 26,['반려동물 동반 불가']
브라운도트 서면범천점,부산,부산진구,부산 부산진구 황령대로7번길 20-11,['반려동물 동반 불가']
하운드호텔 서면범천점,부산,부산진구,부산 부산진구 황령대로7번길 10,['반려동물 동반 불가']
ENA 스위트 호텔 남대문,서울,중구,서울 중구 세종대로11길 36,['반려동물 동반 불가']
사당 카리스호텔,서울,관악구,서울 관악구 승방2길 31,['반려동물 동반 불가']
사당 티트리호텔 사당점,서울,관악구,서울 관악구 남현동 602-15,['반려동물 동반 불가']
센트럴파크 호텔 부산,부산,중구,부산 중구 해관로 20,['반려동물 동반 불가']
호텔 리버사이드,울산,중구,울산 중구 젊음의거리 20,['반려동물 동반 불가']
경산 더 베스트,경북,경산시,경북 경산시 경산로40길 3-8,['반려동물 동반 불가']
메르씨엘 호텔,부산,해운대구,부산 해운대구 해운대로 620,['반려동물 동반 불가']
그랜드 조선 부산,부산,해운대구,부산 해운대구 해운대해변로 292,"['반려동물 동반 불가', '장애인 안내 동물 동반 가능']"
라이즈 오토그래프 컬렉션 서울 바이 메리어트,서울,마포구,서울 마포구 양화로 130,"['반려동물 동반 가능(반려견과 반려묘만 허용, 객실당 2마리)*', '장애인 안내 동물 동반 가능', '제한 사항 적용*', '반려동물 감독 필수', '먹이/물 그릇, 반려동물용 변기 이용 가능']"
머큐어 앰배서더 서울 홍대,서울,마포구,서울 마포구 양화로 144,"['반려동물 동반 불가', '장애인 안내 동물 동반 가능']"
창원 진해 호텔 투하트,경남,창원시,경남 창원시 진해구 충장로364번길 5-5,['반려동물 동반 불가']
창원 진해 더그레이70,경남,창원시,경남 창원시 진해구 충장로364번길 5-9,['반려동물 동반 불가']
창원 진해 올리브,경남,창원시,경남 창원시 진해구 진해대로 855,['반려동물 동반 불가']
진해 호텔 파스타,경남,창원시,경남 창원시 마산합포구 구산면 로봇랜드로 250,['반려동물 동반 불가']
창원 진해 38.5c,경남,창원시,경남 창원시 진해구 진희로 142,['반려동물 동반 불가']
루이스 부티크 호텔,경남,창원시,경남 창원시 진해구 속천로 8-8,['반려동물 동반 불가']
구미 봉곡동 Hotel 컨티뉴 구미점,경북,구미시,경북 구미시 봉곡로12길 9-5,['반려동물 동반 불가']
노떼 라 미아,부산,동구,부산 동구 대영로 265,"['반려동물 동반 불가', '장애인 안내 동물 동반 가능']"
하운드 프리미어 남포,부산,중구,부산 중구 보수대로 24,['반려동물 동반 불가']
속초 컨피네스 비치 호텔,강원,속초시,강원 속초시 해오름로 171,['반려동물 동반 불가']
모옌호텔,강원,속초시,강원 속초시 청초호반로 52,['반려동물 동반 불가']
속초 느낌,강원,속초시,강원 속초시 온천로 313,['반려동물 동반 가능']
호텔 아마란스,강원,속초시,강원 속초시 온천로 55,['반려동물 동반 불가']
신라스테이 서부산,부산,강서구,부산 강서구 명지국제7로 38,"['반려동물 동반 불가', '장애인 안내 동물 동반 가능']"
오이아호텔,부산,강서구,부산 강서구 명지국제6로1번길 24,['반려동물 동반 불가']
신화 제주신화월드 호텔앤리조트,제주,서귀포시,제주특별자치도 서귀포시 안덕면 신화역사로304번길 38,"['반려동물 동반 불가', '장애인 안내 동물 동반 가능']"
호텔 토스카나,제주,서귀포시,제주특별자치도 서귀포시 용흥로66번길 158-7,['반려동물 동반 불가']
골드원 호텔 & 스위트,제주,서귀포시,제주특별자치도 서귀포시 이어도로 1032,['반려동물 동반 불가']
호텔 빠레브,제주,서귀포시,제주특별자치도 서귀포시 김정문화로 15,['반려동물 동반 불가']
아리아 호텔,제주,서귀포시,제주특별자치도 서귀포시 중문관광로 23-1,['반려동물 동반 불가']
유어스 호텔,제주,서귀포시,제주특별자치도 서귀포시 천제연로178번길 21,"['반려동물 동반 불가', '장애인 안내 동물 동반 가능']"
베니키아 중문호텔,제주,서귀포시,제주특별자치도 서귀포시 천제연로 166,['반려동물 동반 불가']
에이본 호텔,전북,군산시,전북 군산시 해망로 10,['반려동물 동반 불가']
휘닉스 제주 섭지 코지,제주,서귀포시,제주특별자치도 서귀포시 성산읍 섭지코지로 107,"['반려동물 동반 가능(반려견만 허용, 객실당 2마리, 1마리당 최대 10 kg)*', '특정 객실만*', '반려동물 감독 필수', '먹이/물 그릇, 오프리쉬(목줄 미착용) 구역 이용 가능']"
해비치 호텔 & 리조트 제주,제주,서귀포시,제주 서귀포시 표선면 민속해안로 537,['반려동물 동반 불가']
해운대 영무파라드 호텔,부산,해운대구,부산 해운대구 해운대해변로298번길 25,"['반려동물 동반 무료(반려견만 허용, 객실당 1마리, 1마리당 최대 10 kg)', '특정 객실만*', '반려동물 감독 필수']"
커넥트 부산 호텔 & 레지던스,부산,중구,부산 중구 대교로 115-1,['반려동물 동반 불가']
썬클라우드 호텔,부산,해운대구,부산 해운대구 해운대해변로 287,['반려동물 동반 불가']
엘리시아 부티크 호텔,부산,해운대구,부산 해운대구 구남로 49,"['반려동물 동반 불가', '장애인 안내 동물 동반 가능']"
하운드호텔 부산역,부산,동구,부산 동구 중앙대로236번길 9,['반려동물 동반 불가']
아시아호텔 제주,제주,제주시,제주특별자치도 제주시 노연로 53,['반려동물 동반 불가']
베스트 웨스턴 플러스 부산 송도,부산,서구,부산 서구 송도해변로 97,['반려동물 동반 불가']
더블린 호텔,부산,부산진구,부산 부산진구 서면로 29,['반려동물 동반 불가']
부산 서면 호텔 더 스위트,부산,부산진구,부산 부산진구 중앙대로691번가길 14-9,['반려동물 동반 불가']
넘버25 호텔 서면1번가점,부산,부산진구,부산 부산진구 부전동 522-24,['반려동물 동반 불가']
페어필드 바이 메리어트 부산 송도 비치,부산,서구,부산 서구 송도해변로 113,"['반려동물 동반 불가', '장애인 안내 동물 동반 가능']"
아스티호텔 부산역,부산,동구,부산 동구 중앙대로214번길 7-8,['반려동물 동반 불가']
티알티 호텔,부산,부산진구,부산 부산진구 부전로 33-1,['반려동물 동반 불가']
호텔포레 더 스파,부산,동구,부산광역시 동구 초량동 중앙대로296번길 6,['반려동물 동반 불가']
브라운도트호텔 범일점,부산,동구,부산 동구 중앙대로 528,['반려동물 동반 불가']
라메르 호텔,부산,동구,부산 동구 조방로34번길 9,"['반려동물 동반 불가', '장애인 안내 동물 동반 가능']"
해운대 더반호텔,부산,해운대구,부산 해운대구 해운대해변로197번길 10-18,['반려동물 동반 불가']
아벤트리 호텔 부산,부산,중구,부산 중구 광복로39번길 6,['반려동물 동반 불가']
GNB 호텔,부산,중구,부산 중구 흑교로 19,"['반려동물 동반 불가', '장애인 안내 동물 동반 가능']"
호텔포레 프리미어 남포점,부산,중구,부산 중구 구덕로 54-1,"['반려동물 동반 불가', '장애인 안내 동물 동반 가능']"
타워 힐 호텔,부산,중구,부산 중구 백산길 20,['반려동물 동반 불가']
브라운도트 호텔 연화리,부산,기장군,부산 기장군 기장읍 연화길 46-5,['반려동물 동반 불가']
베스트 해밀턴 루이스 호텔 기장점,부산,기장군,부산 기장군 기장읍 반송로 1545,"['반려동물 동반 불가', '장애인 안내 동물 동반 가능']"
해운대 센텀 호텔,부산,해운대구,부산 해운대구 센텀3로 20,"['반려동물 동반 불가', '장애인 안내 동물 동반 가능']"
호텔위드시티,제주,제주시,제주특별자치도 제주시 노연로 34,['반려동물 동반 불가']
위드스테이호텔,제주,제주시,제주특별자치도 제주시 노연로 34,['반려동물 동반 불가']
뮤리 호텔,부산,남구,부산 남구 수영로219번길 12-8,"['반려동물 동반 불가', '장애인 안내 동물 동반 가능']"
부산 대연동 호텔 보스코,부산,남구,부산 남구 못골로12번길 64,['반려동물 동반 불가']
부산 대연동 Hotel Onna,부산,남구,부산 남구 유엔평화로4번길 5,['반려동물 동반 불가']
뮤트 호텔,부산,남구,부산 남구 수영로220번길 7,['반려동물 동반 불가']
정성호텔,부산,남구,부산 남구 수영로13번길 9,['반려동물 동반 불가']
호텔 파크하비오,서울,송파구,서울 송파구 송파대로 111,"['반려동물 동반 불가', '장애인 안내 동물 동반 가능']"
포레스타 2 호텔,서울,송파구,서울 송파구 백제고분로7길 23-5,['반려동물 동반 불가']
호텔 포레스타,서울,송파구,서울 송파구 백제고분로7길 23-5,['반려동물 동반 불가']
시그니엘 서울,서울,송파구,서울 송파구 올림픽로 300,['반려동물 동반 불가']
잠실 코너호텔,서울,송파구,서울 송파구 송파대로 385,['반려동물 동반 불가']
잠실 딜라이트 호텔,서울,송파구,서울 송파구 오금로11길 21-9,['반려동물 동반 불가']
호텔 인피니,서울,송파구,서울 송파구 백제고분로 268,"['반려동물 동반 불가', '장애인 안내 동물 동반 가능']"
로사나 부띠끄 호텔,서울,송파구,서울 송파구 삼학사로 98,['반려동물 동반 불가']
파로스 호텔,서울,송파구,서울 송파구 올림픽로10길 5,"['반려동물 동반 불가', '장애인 안내 동물 동반 가능']"
레이크호텔,서울,송파구,서울 송파구 석촌호수로 216,['반려동물 동반 불가']
가락관광호텔,서울,송파구,서울 송파구 송파대로28길 5,['반려동물 동반 불가']
롯데 호텔 월드,서울,송파구,서울 송파구 올림픽로 240,['반려동물 동반 불가']
하모니호텔,서울,강동구,서울 강동구 천중로40길 63,['반려동물 동반 불가']
발리관광호텔,서울,강동구,서울 강동구 풍성로 210,['반려동물 동반 불가']
바고 호텔,서울,강동구,서울 강동구 천중로 27,['반려동물 동반 불가']
안테룸 서울,서울,강남구,서울 강남구 도산대로 153,"['반려동물 동반 불가', '장애인 안내 동물 동반 가능']"
신라스테이 삼성,서울,강남구,서울 강남구 영동대로 506,"['반려동물 동반 불가', '장애인 안내 동물 동반 가능']"
안다즈 서울 강남,서울,강남구,서울 강남구 논현로 854,"['반려동물 동반 불가', '장애인 안내 동물 동반 가능']"
호텔 인 9 강남,서울,강남구,서울 강남구 영동대로 618,['반려동물 동반 불가']
에이든 바이 베스트웨스턴 청담,서울,강남구,서울 강남구 도산대로 216,['반려동물 동반 불가']
호텔 크레센도 서울,서울,강남구,서울 강남구 봉은사로 428,"['반려동물 동반 불가', '장애인 안내 동물 동반 가능']"
파티오세븐 호텔,서울,강남구,서울 강남구 논현로 736,['반려동물 동반 불가']
호텔 뉴브,서울,강남구,서울 강남구 선릉로85길 6,['반려동물 동반 불가']
호텔 세느,서울,강남구,서울 강남구 논현로 533,"['반려동물 동반 불가', '장애인 안내 동물 동반 가능']"
포포인츠 바이 쉐라톤 서울 강남,서울,강남구,서울 강남구 도산대로 203,"['반려동물 동반 불가', '장애인 안내 동물 동반 가능']"
오월호텔,서울,강남구,서울 강남구 언주로85길 27,['반려동물 동반 불가']
글래드 강남 코엑스센터,서울,강남구,서울 강남구 테헤란로 610,"['반려동물 동반 불가', '장애인 안내 동물 동반 가능']"
L7 강남 바이 롯데,서울,강남구,서울 강남구 테헤란로 415,"['반려동물 동반 불가', '장애인 안내 동물 동반 가능']"
호텔 엔트라 강남,서울,강남구,서울 강남구 도산대로 508,"['반려동물 동반 불가', '장애인 안내 동물 동반 가능']"
호텔 컬리넌,서울,강남구,서울 강남구 논현로 74-1,['반려동물 동반 불가']
유리앤 호텔,서울,강남구,서울 강남구 삼성로96길 20,"['반려동물 동반 불가', '장애인 안내 동물 동반 가능']"
도미인 서울 강남,서울,강남구,서울 강남구 봉은사로 134,['반려동물 동반 불가']
카파스 호텔,서울,강남구,서울 강남구 언주로89길 21,"['반려동물 동반 불가', '장애인 안내 동물 동반 가능']"
스테이호텔 강남,서울,강남구,서울 강남구 논현로87길 15-4,"['반려동물 동반 불가', '장애인 안내 동물 동반 가능']"
호텔 더 디자이너스 LYJ 강남 프리미어,서울,강남구,서울 강남구 봉은사로 113,['반려동물 동반 불가']
호텔 페이토 삼성,서울,강남구,서울 강남구 테헤란로87길 9,"['반려동물 동반 불가', '장애인 안내 동물 동반 가능']"
베니키아 노블레스 호텔,서울,강남구,서울 강남구 테헤란로25길 6-13,['반려동물 동반 불가']
호텔 카푸치노,서울,강남구,서울 강남구 봉은사로 155,"['반려동물 동반 가능(반려견만 허용, 객실당 2마리, 1마리당 최대 15 kg)*', '장애인 안내 동물 동반 가능', '특정 객실만*', '반려동물 감독 필수']"
제리스플래닛 호텔 강남,서울,강남구,서울 강남구 강남대로92길 13,['반려동물 동반 불가']
인더시티 비즈니스 호텔,서울,강남구,서울 강남구 테헤란로37길 13-8,['반려동물 동반 불가']
호텔 데님,서울,강남구,서울 강남구 논현로 66,['반려동물 동반 불가']
H 에비뉴 호텔 강남 역삼점,서울,강남구,서울 강남구 테헤란로29길 12,['반려동물 동반 불가']
알로프트 서울 강남,서울,강남구,서울 강남구 영동대로 736,"['반려동물 동반 가능(반려견과 반려묘만 허용, 객실당 2마리, 1마리당 최대 9 kg)*', '특정 객실만, 제한 사항 적용*']"
신라스테이 역삼,서울,강남구,서울 강남구 언주로 517,"['반려동물 동반 불가', '장애인 안내 동물 동반 가능']"
호텔 그라모스,서울,강남구,서울 강남구 테헤란로33길 6-5,['반려동물 동반 불가']
녹스 부티크 호텔,서울,강남구,서울 강남구 테헤란로37길 13-13,['반려동물 동반 불가']
트리아 호텔,서울,강남구,서울 강남구 테헤란로33길 16,['반려동물 동반 불가']
파크 하얏트 서울,서울,강남구,서울 강남구 테헤란로 606,"['반려동물 동반 불가', '장애인 안내 동물 동반 가능']"
베스트 웨스턴 프리미어 강남,서울,강남구,서울 강남구 봉은사로 139,"['반려동물 동반 불가', '장애인 안내 동물 동반 가능']"
서울 렉스 호텔,서울,강남구,서울 강남구 강남대로 588,['반려동물 동반 불가']
이비스 스타일 앰배서더 서울 강남,서울,강남구,서울 강남구 삼성로 431,['반려동물 동반 불가']
오크우드 프리미어 코엑스센터,인천,연수구,인천 연수구 컨벤시아대로 165,"['반려동물 동반 가능(반려견과 반려묘만 허용, 객실당 2마리, 1마리당 최대 10 kg)*', '장애인 안내 동물 동반 가능', '제한 사항 적용*']"
"인터컨티넨탈 서울 코엑스, IHG 호텔",서울,강남구,서울 강남구 봉은사로 524,"['반려동물 동반 불가', '장애인 안내 동물 동반 가능']"
라비타 호텔,서울,강남구,서울 강남구 영동대로 712,['반려동물 동반 불가']
노보텔 앰배서더 강남,서울,강남구,서울 강남구 봉은사로 130,['반려동물 동반 불가']
호텔 프리마,서울,강남구,서울 강남구 도산대로 536,['반려동물 동반 불가']
"그랜드 인터컨티넨탈 서울 파르나스, IHG 호텔",서울,강남구,서울 강남구 테헤란로 521,"['반려동물 동반 불가', '장애인 안내 동물 동반 가능']"
호텔 삼정,서울,강남구,서울 강남구 봉은사로 150,['반려동물 동반 불가']
호텔 리비에라 - 어른 전용,서울,강남구,서울 강남구 영동대로 737,['반려동물 동반 불가']
울진 그랜드호텔,경북,울진군,경북 울진군 울진읍 현내항길 97,['반려동물 동반 불가']
덕구 온천 리조트 호텔,경북,울진군,경북 울진군 북면 덕구온천로 924,"['반려동물 동반 불가', '장애인 안내 동물 동반 가능']"
센트로 관광 호텔,경북,칠곡군,경북 칠곡군 왜관읍 중앙로 152-3,"['반려동물 동반 불가', '장애인 안내 동물 동반 가능']"
가야 호텔,경북,성주군,경북 성주군 수륜면 가야산식물원길 52,['반려동물 동반 불가']
주왕산 온천 관광 호텔,경북,청송군,경북 청송군 청송읍 중앙로 315,['반려동물 동반 불가']
호텔 금오산,경북,구미시,경북 구미시 금오산로 433-3,['반려동물 동반 불가']
구미 센츄리 호텔,경북,구미시,경북 구미시 3공단1로 296,['반려동물 동반 불가']
안동 씨엠 파크 호텔,경북,안동시,경북 안동시 풍천면 검무로 10-17,['반려동물 동반 불가']
김천파크관광호텔,경북,김천시,경북 김천시 대항면 황학동길 35-23,"['반려동물 동반 불가', '장애인 안내 동물 동반 가능']"
경주 키즈&가족호텔,경북,경주시,경북 경주시 영불로 248,['반려동물 동반 불가']
경주 노벰버 키즈앤스파,경북,경주시,경북 경주시 감포읍 감포로 226-4,['반려동물 동반 불가']
호스텔 다현,경북,경주시,경북 경주시 원화로340번길 12,['반려동물 동반 불가']
아리수경주 호텔,경북,경주시,경북 경주시 영불로 207,"['반려동물 동반 불가', '장애인 안내 동물 동반 가능']"
스위트 호텔 경주,경북,경주시,경북 경주시 보문로 280-12,['반려동물 동반 불가']
코모도호텔 경주,경북,경주시,경북 경주시 보문로 422,['반려동물 동반 불가']
코오롱 호텔,경북,경주시,경북 경주시 불국로 289-17,['반려동물 동반 불가']
라한셀렉트 경주,경북,경주시,경북 경주시 보문로 338,['반려동물 동반 불가']
포항 호텔뷰,충남,천안시,충남 천안시 서북구 부대중앙길 17,"['반려동물 동반 불가', '장애인 안내 동물 동반 가능']"
포항 윈호텔,경북,포항시,경북 포항시 북구 해안로 89,['반려동물 동반 불가']
베니키아 호텔 포항,경북,포항시,경북 포항시 남구 중앙로 128,['반려동물 동반 불가']
코모도 호텔 포항,경북,포항시,경북 포항시 남구 송도로 71,['반려동물 동반 불가']
칸 호텔,대구,달성군,대구 달성군 구지면 달성2차동1로 141,['반려동물 동반 불가']
엘리시아호텔,대구,달서구,대구 달서구 갈밭남로 45,['반려동물 동반 불가']
아리아나 호텔,대구,수성구,대구 수성구 동대구로 27,['반려동물 동반 불가']
호텔 수성,대구,수성구,대구 수성구 용학로 106-7,['반려동물 동반 불가']
호텔라온제나,대구,수성구,대구 수성구 범어천로 73,['반려동물 동반 불가']
호텔 인터 불고,대구,수성구,대구 수성구 팔현길 212,"['반려동물 동반 불가', '장애인 안내 동물 동반 가능']"
호텔 인터불고 엑스코,대구,북구,대구 북구 유통단지로 80,"['반려동물 동반 불가', '장애인 안내 동물 동반 가능']"
호텔 앙코르,대구,동구,대구 동구 이노밸리로 7,['반려동물 동반 불가']
아마레 호텔,대구,동구,대구 동구 율암로 156-15,['반려동물 동반 불가']
인스타호텔,대구,동구,대구 동구 율암로 164,"['반려동물 동반 불가', '장애인 안내 동물 동반 가능']"
팔공에밀리아호텔,대구,동구,대구 동구 팔공산로 1121,['반려동물 동반 불가']
퀸벨호텔&웨딩,대구,동구,대구 동구 동촌로 200,"['반려동물 동반 불가', '장애인 안내 동물 동반 가능']"
리버틴 호텔,대구,중구,대구 중구 경상감영길 193,['반려동물 동반 불가']
대구 동성로 노블스테이,대구,중구,대구 중구 국채보상로123길 23,['반려동물 동반 불가']
토요코인대구동성로,대구,중구,대구 중구 동성로1길 15,"['반려동물 동반 불가', '장애인 안내 동물 동반 가능']"
엘디스 리젠트 호텔,대구,중구,대구 중구 달구벌대로 2033,['반려동물 동반 불가']
광주 투어리스트 호텔,광주,북구,광주 북구 서하로183번길 56,['반려동물 동반 불가']
엠파이어 관광 호텔,광주,광산구,광주 광산구 임방울대로800번길 25,['반려동물 동반 불가']
브라운도트 광주 상무점,광주,서구,광주 서구 상무중앙로38번길 5-8,['반려동물 동반 불가']
"홀리데이 인 광주, IHG 호텔",광주,서구,광주 서구 상무누리로 55,"['반려동물 동반 불가', '장애인 안내 동물 동반 가능']"
라마다 플라자 광주,광주,서구,광주 서구 상무자유로 149,['반려동물 동반 불가']
광주호텔 벤틀리 관광호텔 충장점,광주,동구,광주 동구 서석로10번길 5,['반려동물 동반 불가']
ACC 디자인 호텔,광주,동구,광주 동구 금남로 226-11,['반려동물 동반 불가']
라마다 앙코르 해운대,부산,해운대구,부산 해운대구 구남로 9,['반려동물 동반 불가']
엘시티 레지던스,부산,해운대구,부산 해운대구 달맞이길 30,['반려동물 동반 불가']
그랜드 엘시티 레지던스,부산,해운대구,부산 해운대구 달맞이길 30,['반려동물 동반 불가']
플레아 드 블랑,부산,해운대구,부산 해운대구 해운대해변로298번길 29,['반려동물 동반 불가']
호텔 더 마크 해운대,부산,해운대구,부산 해운대구 해운대해변로298번길 29,['반려동물 동반 불가']
평택항 코업스테이호텔,경기,평택시,경기 평택시 포승읍 평택항로184번길 3-5,"['반려동물 동반 가능(반려견만 허용, 1마리당 최대 9 kg)*']"
웨스턴베이마리나호텔,경기,평택시,경기 평택시 포승읍 평택항로184번길 3-21,['반려동물 동반 불가']
라마다동탄호텔,경기,화성시,경기 화성시 노작로 199,['반려동물 동반 불가']
제이원호텔,충북,청주시,충북 청주시 청원구 오창읍 중부로 806,['반려동물 동반 불가']
세종시티 오송호텔,충북,청주시,충북 청주시 흥덕구 오송읍 오송생명로 178,['반려동물 동반 불가']
오송 에이치(H)호텔세종시티,충북,청주시,충북 청주시 흥덕구 오송읍 오송생명로 178,['반려동물 동반 불가']
라한호텔 포항,경북,포항시,경북 포항시 북구 삼호로265번길 1,['반려동물 동반 불가']
골든튤립 에센셜 남강,경남,진주시,경남 진주시 남강로673번길 16,['반려동물 동반 불가']
진주 라온스테이 인 페를라,경남,진주시,경남 진주시 영천강로 164,['반려동물 동반 가능*']
라마다 스위트 거제 호텔,경남,거제시,경남 거제시 일운면 거제대로 2631,['반려동물 동반 불가']
인터내셔널호텔인천영종,인천,중구,인천 중구 은하수로29번길 47,['반려동물 동반 불가']
라마다 송도 호텔,인천,연수구,인천 연수구 능허대로267번길 29,"['반려동물 동반 불가', '장애인 안내 동물 동반 가능']"
라마다인천호텔,인천,남동구,인천 남동구 소래역로 36,['반려동물 동반 불가']
영종도 에어스카이 호텔,인천,중구,인천 중구 백운로228번길 188-33,"['반려동물 동반 가능(반려견만 허용, 객실당 2마리, 1마리당 최대 10 kg)*', '장애인 안내 동물 동반 가능', '특정 객실만, 제한 사항 적용*', '반려동물 감독 필수', '먹이/물 그릇 이용 가능']"
하워드 존슨 호텔 인천 에어포트,인천,중구,인천 중구 신도시남로142번길 6,['반려동물 동반 불가']
웨스턴 그레이스 호텔,경기,고양시,경기 고양시 일산동구 중앙로 1322,['반려동물 동반 불가']
라마다 호텔 앤 스위트 서울 남대문,서울,중구,서울 중구 칠패로 27,"['반려동물 동반 가능(반려견만 허용, 객실당 2마리, 1마리당 최대 10 kg)*', '장애인 안내 동물 동반 가능', '제한 사항 적용*', '반려동물 감독 필수']"
밀리오레 호텔 서울 명동,서울,중구,서울 중구 퇴계로 115,['반려동물 동반 불가']
더베네치아스위트,강원,춘천시,강원 춘천시 효자로 136,['반려동물 동반 불가']
스카이베이 호텔 경포,강원,강릉시,강원 강릉시 해안로 476,"['반려동물 동반 불가', '장애인 안내 동물 동반 가능']"
라마다 호텔 & 스위트 바이 윈덤 강원 평창,서울,중구,서울 중구 칠패로 27,"['반려동물 동반 무료(반려견만 허용, 객실당 1마리, 1마리당 최대 20 kg)', '장애인 안내 동물 동반 가능', '특정 객실만, 제한 사항 적용*', '반려동물 감독 필수', '먹이/물 그릇 이용 가능']"
호텔 피코,경남,통영시,경남 통영시 항남4길 19,['반려동물 동반 불가']
브릿지호텔,경남,통영시,경남 통영시 용남면 남해안대로 18,['반려동물 동반 불가']
통영비치캐슬호텔 앤 리조트,경남,통영시,경남 통영시 평인일주로 486,['반려동물 동반 불가']
통영거북선호텔,경남,통영시,경남 통영시 미수해안로 72,['반려동물 동반 불가']
통영 라베르호텔,경남,통영시,경남 통영시 도남로 257-21,['반려동물 동반 불가']
클럽이에스 통영리조트,경남,통영시,경남 통영시 산양읍 척포길 628-113,"['반려동물 동반 가능(반려견만 허용, 객실당 1마리, 1마리당 최대 15 kg)*', '특정 객실만, 제한 사항 적용*', '반려동물 감독 필수', '먹이/물 그릇 이용 가능']"
브룩스 호텔,경남,통영시,경남 통영시 통영해안로 407,['반려동물 동반 불가']
포르투나호텔,경남,통영시,경남 통영시 미수해안로 152,['반려동물 동반 불가']
스탠포드 호텔앤리조트 통영,경남,통영시,경남 통영시 도남로 347,['반려동물 동반 불가']
한산마리나호텔&리조트,경남,통영시,경남 통영시 산양읍 삼칭이해안길 820,['반려동물 동반 불가']
동경호텔,경남,통영시,경남 통영시 광도면 죽림5로 43,['반려동물 동반 가능(반려견과 반려묘만 허용)*']
통영 갤러리 호텔,경남,통영시,경남 통영시 도남로 257-27,['반려동물 동반 불가']
통영 엔쵸비 관광호텔,경남,통영시,경남 통영시 동호로 56,['반려동물 동반 불가']
통영관광호텔,경남,통영시,경남 통영시 항북길 12-9,['반려동물 동반 불가']
호텔 동방,경남,진주시,경남 진주시 논개길 103,['반려동물 동반 불가']
진주 카이호텔,경남,진주시,경남 진주시 정촌면 화개천로 132-14,['반려동물 동반 불가']
리츠 호스텔,경남,창원시,경남 창원시 성산구 용지로 64,['반려동물 동반 불가']
창원 북면 누와즈컬리넌,경남,창원시,경남 창원시 의창구 북면 천주로1173번길 42,['반려동물 동반 불가']
여우비호텔,경남,진주시,경남 진주시 비봉로54번길 5,"['반려동물 동반 불가', '장애인 안내 동물 동반 가능']"
호텔 라움,전남,순천시,전남 순천시 하풍동길 1-1,['반려동물 동반 불가']
비즈관광호텔,경남,창원시,경남 창원시 진해구 진해대로 2116,['반려동물 동반 불가']
창원 진해 용원 브라운도트 호텔,경남,창원시,경남 창원시 진해구 용원동로221번길 60-7,['반려동물 동반 불가']
아모르호텔,경남,창원시,경남 창원시 마산합포구 수산1길 3,"['반려동물 동반 가능(반려견과 반려묘만 허용, 객실당 2마리, 1마리당 최대 15 kg)*', '특정 객실만, 제한 사항 적용*', '반려동물 감독 필수']"
마산 아몬드호텔,경남,창원시,경남 창원시 마산합포구 월영동11길 19,['반려동물 동반 불가']
호텔 사과나무,경남,창원시,경남 창원시 마산합포구 가포신항북로 16,['반려동물 동반 불가']
스카이뷰관광호텔,경남,창원시,경남 창원시 마산합포구 해안대로 317,['반려동물 동반 불가']
마산관광호텔,경남,창원시,경남 창원시 마산합포구 수산1길 285,['반려동물 동반 불가']
베스트 루이스 해밀턴 호텔 창원,경남,창원시,경남 창원시 성산구 마디미로70번길 10,['반려동물 동반 불가']
올림픽 호텔,경남,창원시,경남 창원시 성산구 중앙대로 81,"['반려동물 동반 불가', '장애인 안내 동물 동반 가능']"
호텔 인터내셔널,경남,창원시,경남 창원시 성산구 중앙대로 69,['반려동물 동반 불가']
그랜드 머큐어 앰배서더 창원,경남,창원시,경남 창원시 성산구 원이대로 332,['반려동물 동반 불가']
크라운호텔 창원,서울,용산구,서울 용산구 녹사평대로 140,['반려동물 동반 불가']
더 제이드 호텔,제주,제주시,제주특별자치도 제주시 관덕로15길 7-1,"['반려동물 동반 불가', '장애인 안내 동물 동반 가능']"
메르블루 제주,경기,시흥시,경기 시흥시 서해안로 1032-12,['반려동물 동반 불가']
호텔 나비스,제주,제주시,제주특별자치도 제주시 애월읍 애월해안로 885,['반려동물 동반 불가']
라인호텔,제주,제주시,제주특별자치도 제주시 동광로 40,['반려동물 동반 불가']
호텔 메이저 2,제주,제주시,제주특별자치도 제주시 은남4길 40,['반려동물 동반 불가']
물뜰에쉼팡 리조트,제주,제주시,제주특별자치도 제주시 한림읍 귀덕로 73,['반려동물 동반 불가']
노형호텔,제주,제주시,제주특별자치도 제주시 수덕1길 7,"['반려동물 동반 불가', '장애인 안내 동물 동반 가능']"
삼다호스텔,제주,제주시,제주특별자치도 제주시 서해안로 456-6,['반려동물 동반 불가']
흰수염고래 리조트,제주,제주시,제주특별자치도 제주시 애월읍 일주서로 6818,"['반려동물 동반 불가', '장애인 안내 동물 동반 가능']"
리벤시아 풀빌라 호텔,제주,제주시,제주 제주시 한림읍 한림로 33,['반려동물 동반 불가']
나이스캣호텔앤게스트하우스,제주,제주시,제주특별자치도 제주시 논세길 96-38,"['반려동물 동반 불가', '장애인 안내 동물 동반 가능']"
씨스테이 호텔&스파,강원,양양군,강원 양양군 강현면 물치3길 6,"['반려동물 동반 불가', '장애인 안내 동물 동반 가능']"
자몽호텔,제주,제주시,제주 제주시 한림읍 한림해안로 136,"['반려동물 동반 불가', '장애인 안내 동물 동반 가능']"
썬비치 리조트,제주,제주시,제주특별자치도 제주시 서해안로 114,"['반려동물 동반 불가', '장애인 안내 동물 동반 가능']"
환상적인 바다 전망의 시드니 호텔,제주,제주시,제주특별자치도 제주시 애월읍 애월해안로 945,['반려동물 동반 불가']
노벨리조트펜션,제주,제주시,제주특별자치도 제주시 서해안로 122,"['반려동물 동반 불가', '장애인 안내 동물 동반 가능']"
레드클레이,제주,제주시,제주특별자치도 제주시 애월읍 신상로 266,"['반려동물 동반 불가', '장애인 안내 동물 동반 가능']"
나디아펜션,제주,제주시,제주특별자치도 제주시 애월읍 애원로 74,['반려동물 동반 불가']
우림호텔,제주,제주시,제주 제주시 애월읍 애월해안로 917,['반려동물 동반 불가']
엠버 리조트,제주,제주시,제주특별자치도 제주시 1100로 2671-51,"['반려동물 동반 불가', '장애인 안내 동물 동반 가능']"
비스타 뷰 리조트,제주,제주시,제주특별자치도 제주시 서해안로 74,['반려동물 동반 불가']
더비치펜션,제주,제주시,제주특별자치도 제주시 서해안로 486-4,"['반려동물 동반 불가', '장애인 안내 동물 동반 가능']"
예그리나리조트,제주,제주시,제주특별자치도 제주시 구좌읍 일주동로 1845,['반려동물 동반 불가']
해밀리조트,제주,제주시,제주특별자치도 제주시 애월읍 광상로 272,"['반려동물 동반 가능*', '제한 사항 적용*']"
하모니 리조트,제주,제주시,제주특별자치도 제주시 한림읍 협재로 213,['반려동물 동반 불가']
오렌지트리 호텔 & 카페,제주,제주시,제주 제주시 관덕로8길 7-12,"['반려동물 동반 불가', '장애인 안내 동물 동반 가능']"
레브 호텔 제주,제주,제주시,제주특별자치도 제주시 은남1길 15,['반려동물 동반 불가']
조이황토리조트,제주,제주시,제주 제주시 애월읍 신상로 268,['반려동물 동반 불가']
에덴 호스텔,제주,제주시,제주특별자치도 제주시 서해안로 456-12,['반려동물 동반 불가']
엠제이호텔,제주,제주시,제주특별자치도 제주시 신광로4길 16,['반려동물 동반 불가']
스완지,제주,제주시,제주특별자치도 제주시 서해안로 84,['반려동물 동반 불가']
씨클리프호텔제주,제주,제주시,제주 제주시 애월읍 애월해안로 554-8,['반려동물 동반 불가']
카이리조트,제주,제주시,제주 제주시 한림읍 협재2길 10,['반려동물 동반 불가']
아마스빌 호스텔,제주,제주시,제주특별자치도 제주시 애월읍 신엄안3길 101,['반려동물 동반 불가']
통나무파크호텔,제주,제주시,제주특별자치도 제주시 애월읍 도치돌길 293,['반려동물 동반 불가']
블루스프링 부티크 호텔,제주,제주시,제주특별자치도 제주시 한림읍 한림로 330,['반려동물 동반 불가']
스카이 호텔,제주,제주시,제주특별자치도 제주시 한림읍 한림로 917,['반려동물 동반 불가']
샐리스제주,제주,제주시,제주특별자치도 제주시 애월읍 고내로 46,['반려동물 동반 불가']
도르가관광호스텔,경남,통영시,경남 통영시 새터길 74-9,['반려동물 동반 불가']
YAJA 호텔 통영 페리 터미널 지점,경남,통영시,경남 통영시 동충2길 9,['반려동물 동반 불가']
그란데호스텔,경남,통영시,경남 통영시 진남아랫길 10,['반려동물 동반 불가']
조각의 집,서울,서초구,서울 서초구 사임당로14길 42,['반려동물 동반 불가']
호텔피어48,경남,통영시,경남 통영시 정동3길 48,['반려동물 동반 불가']
사천온천랜드 앤 그랜드관광호텔,경남,사천시,경남 사천시 용현면 청골길 126,['반려동물 동반 불가']
파인 그로브 호텔,경남,김해시,경남 김해시 번화1로67번길 20,"['반려동물 동반 불가', '장애인 안내 동물 동반 가능']"
아이스퀘어호텔,경남,김해시,경남 김해시 김해대로 2360,['반려동물 동반 불가']
밀양 밀양 관광호텔,경남,밀양시,경남 밀양시 가곡7길 5-1,['반려동물 동반 불가']
Hotel Arina,경남,밀양시,경남 밀양시 삼문강변로 82,['반려동물 동반 불가']
삼성 호텔 거제,경남,거제시,경남 거제시 장평3로 80-37,"['반려동물 동반 불가', '장애인 안내 동물 동반 가능']"
호텔 상상,경남,거제시,경남 거제시 일운면 거제대로 2752,['반려동물 동반 불가']
거제도 장승포 더럭스 관광호텔,경남,거제시,경남 거제시 장승포로 93-1,['반려동물 동반 불가']
호텔리베라 거제,경남,거제시,경남 거제시 일운면 거제대로 2190,"['반려동물 동반 불가', '장애인 안내 동물 동반 가능']"
도야 가족 호텔,경남,거제시,경남 거제시 일운면 거제대로 2244,['반려동물 동반 불가']
거제오션호텔,경남,거제시,경남 거제시 옥포로2길 13,"['반려동물 동반 불가', '장애인 안내 동물 동반 가능']"
거제돔관광호텔,경남,거제시,경남 거제시 일운면 거제대로 2372,['반려동물 동반 불가']
호텔 스테이온,제주,서귀포시,제주특별자치도 서귀포시 성산읍 일주동로 4186,['반려동물 동반 불가']
거제 아르누보 스위트 호텔,경남,거제시,경남 거제시 장평1로 13,['반려동물 동반 불가']
홈포레스트 리조트,경남,거제시,경남 거제시 국산로 24-25,"['반려동물 동반 무료(객실당 2마리, 1마리당 최대 15 kg)', '특정 객실만*', '반려동물 감독 필수']"
호텔 메종드거제,경남,거제시,경남 거제시 능포로 114,['반려동물 동반 불가']
베니키아 양산 호텔,경남,양산시,경남 양산시 동면 금오10길 51,['반려동물 동반 불가']
창녕 부곡 스파디움 따오기호텔,경남,창녕군,경남 창녕군 부곡면 온천중앙로 42,['반려동물 동반 불가']
오션스파호텔,경남,고성군,경남 고성군 고성읍 신월로 60,['반려동물 동반 불가']
남해스포츠파크호텔,경남,남해군,경남 남해군 서면 스포츠파크길 73,['반려동물 동반 불가']
라피스 호텔,경남,남해군,경남 남해군 창선면 서부로 1503-16,['반려동물 동반 불가']
산청한방가족호텔,경남,산청군,경남 산청군 금서면 동의보감로479번길 43,"['반려동물 동반 불가', '장애인 안내 동물 동반 가능']"
잠실(방이) 호텔 더 캐슬,서울,송파구,서울 송파구 올림픽로32길 7,['반려동물 동반 불가']
Songpa Boutique Hotel XYM,서울,송파구,서울 송파구 송이로 104,['반려동물 동반 불가']
신천 호텔 더 캐슬,서울,송파구,서울 송파구 올림픽로12길 4-17,"['반려동물 동반 불가', '장애인 안내 동물 동반 가능']"
오라카이 청계산 호텔,서울,서초구,서울 서초구 청계산로9길 1-7,"['반려동물 동반 불가', '장애인 안내 동물 동반 가능']"
신라스테이 서초,서울,서초구,서울 서초구 효령로 427,['반려동물 동반 불가']
호텔 페이토 강남,서울,서초구,서울 서초구 강남대로 259,"['반려동물 동반 무료(반려견만 허용)', '장애인 안내 동물 동반 가능']"
프로비스타 호텔,서울,서초구,서울 서초구 서초대로 338,['반려동물 동반 불가']
유원호텔,서울,서초구,서울 서초구 반포대로12길 29,['반려동물 동반 불가']
소설호텔,충남,공주시,충남 공주시 반포면 임금봉길 77-14,['반려동물 동반 불가']
리버사이드 호텔,서울,서초구,서울 서초구 강남대로107길 6,['반려동물 동반 불가']
더 케이 호텔 서울,서울,서초구,서울 서초구 바우뫼로12길 70,"['반려동물 동반 불가', '장애인 안내 동물 동반 가능']"
"Hotel Clio, a Luxury Collection Hotel, Denver Cherry Creek",서울,서초구,서울 서초구 신반포로 176,"['반려동물 동반 가능(반려견만 허용)*', '장애인 안내 동물 동반 가능', '특정 객실만*', '먹이/물 그릇 이용 가능']"
씨에스프리미어호텔서울,서울,관악구,서울 관악구 남부순환로 1458,['반려동물 동반 불가']
WD 호텔,서울,관악구,서울 관악구 신림로 349,['반려동물 동반 불가']
뜨랑 블루,서울,관악구,서울 관악구 신림동7길 52,['반려동물 동반 불가']
어반 호텔 & 골프,서울,관악구,서울 관악구 난곡로64길 5,['반려동물 동반 불가']
신림 신트라,서울,관악구,서울 관악구 신림로66길 16,['반려동물 동반 불가']
신림 나이스타임,서울,관악구,서울 관악구 신림로64길 28,['반려동물 동반 불가']
핸드픽트호텔,서울,동작구,서울 동작구 상도로 120,"['반려동물 동반 불가', '장애인 안내 동물 동반 가능']"
신라스테이 구로,서울,동작구,서울 동작구 시흥대로 596,"['반려동물 동반 불가', '장애인 안내 동물 동반 가능']"
토요코인 서울영등포,서울,영등포구,서울 영등포구 신길로 293,['반려동물 동반 불가']
베니키아 호텔 카카오,서울,영등포구,서울 영등포구 경인로108길 15,"['반려동물 동반 불가', '장애인 안내 동물 동반 가능']"
더 스테이트 선유 호텔,서울,영등포구,서울 영등포구 양평로 132,['반려동물 동반 불가']
베니키아 프리미어 여의도 호텔,서울,영등포구,서울 영등포구 신길제1동 영등포로 389,['반려동물 동반 불가']
호텔지엠에스,서울,영등포구,서울 영등포구 경인로 867,"['반려동물 동반 불가', '장애인 안내 동물 동반 가능']"
영등포 VIP호텔,서울,영등포구,서울 영등포구 경인로114나길 6,['반려동물 동반 불가']
호텔 샤토,서울,영등포구,서울 영등포구 선유로 100,['반려동물 동반 불가']
호텔 조커,서울,영등포구,서울 영등포구 양산로1길 3-1,"['반려동물 동반 불가', '장애인 안내 동물 동반 가능']"
글래드 여의도,서울,영등포구,서울 영등포구 의사당대로 16,"['반려동물 동반 불가', '장애인 안내 동물 동반 가능']"
영등포 호텔 브릿지,서울,영등포구,서울 영등포구 영등포로 9,['반려동물 동반 불가']
호텔 로프트,서울,영등포구,서울 영등포구 선유동2로 72,['반려동물 동반 불가']
콘래드 서울,서울,영등포구,서울 영등포구 국제금융로 10,"['반려동물 동반 가능(반려견만 허용, 객실당 2마리, 1마리당 최대 15 kg)*', '장애인 안내 동물 동반 가능', '특정 객실만, 제한 사항 적용*', '먹이/물 그릇 이용 가능']"
코트야드 바이 메리어트 서울 타임스퀘어,서울,영등포구,서울 영등포구 영중로 15,['반려동물 동반 불가']
메리어트 이그제큐티브 아파트먼트 서울,서울,영등포구,서울 영등포구 여의대로 8,"['반려동물 동반 불가', '장애인 안내 동물 동반 가능']"
켄싱턴호텔 여의도,서울,영등포구,서울 영등포구 국회대로76길 16,['반려동물 동반 불가']
독산 Si호텔,경남,창원시,경남 창원시 진해구 신항로 434-1,['반려동물 동반 불가']
스타즈호텔 독산점,서울,금천구,서울 금천구 시흥대로 315,['반려동물 동반 불가']
골든 리버 호텔,서울,금천구,서울 금천구 서부샛길 584,['반려동물 동반 불가']
마인드 호텔,서울,금천구,서울 금천구 남부순환로 1262,['반려동물 동반 불가']
이사벨 호텔,서울,금천구,서울 금천구 가산로 50,"['반려동물 동반 불가', '장애인 안내 동물 동반 가능']"
컬리넌 구로 호텔,서울,구로구,서울 구로구 시흥대로 533,['반려동물 동반 불가']
라마다 서울 신도림 호텔,서울,구로구,서울 구로구 경인로 624,"['반려동물 동반 불가', '장애인 안내 동물 동반 가능']"
코코모 호텔,서울,구로구,서울 구로구 새말로 20,['반려동물 동반 불가']
호텔 베르누이 서울,서울,구로구,서울 구로구 경인로 229,"['반려동물 동반 불가', '장애인 안내 동물 동반 가능']"
롯데시티호텔 구로,서울,구로구,서울 구로구 디지털로 300,"['반려동물 동반 불가', '장애인 안내 동물 동반 가능']"
"포 포인츠 바이 쉐라톤 서울, 구로",서울,구로구,서울 구로구 디지털로32길 72,"['반려동물 동반 불가', '장애인 안내 동물 동반 가능']"
로얄스퀘어호텔서울,서울,강서구,서울 강서구 공항대로 30,"['반려동물 동반 불가', '장애인 안내 동물 동반 가능']"
코트야드 바이 메리어트 서울 보타닉 파크,서울,강서구,서울 강서구 마곡중앙12로 10,"['반려동물 동반 불가', '장애인 안내 동물 동반 가능']"
호텔 엠펠리체,서울,강서구,서울특별시 강서구 마곡동로4길 15,['반려동물 동반 불가']
JK 블라썸 호텔,서울,강서구,서울 강서구 양천로65길 41-22,['반려동물 동반 불가']
라이프스타일 S 호텔,서울,강서구,서울 강서구 곰달래로 108,['반려동물 동반 불가']
호텔 디아만트,서울,강서구,서울 강서구 남부순환로 190,['반려동물 동반 불가']
화곡해담채,서울,강서구,서울 강서구 곰달래로 70-1,['반려동물 동반 불가']
호텔 티제이,서울,강서구,서울 강서구 남부순환로 196,['반려동물 동반 불가']
SR 호텔 서울 마곡,서울,강서구,서울특별시 강서구 강서로 400,['반려동물 동반 불가']
스탠다드 호텔,서울,강서구,서울 강서구 공항대로 518,"['반려동물 동반 불가', '장애인 안내 동물 동반 가능']"
베니키아 서울 관광 호텔,서울,강서구,서울 강서구 화곡로68길 116,"['반려동물 동반 불가', '장애인 안내 동물 동반 가능']"
메이필드호텔 서울,서울,강서구,서울 강서구 방화대로 94,"['반려동물 동반 불가', '장애인 안내 동물 동반 가능']"
롯데시티호텔 김포공항,서울,강서구,서울 강서구 하늘길 38,"['반려동물 동반 불가', '장애인 안내 동물 동반 가능']"
호텔 드 어반,서울,강서구,서울 강서구 곰달래로24길 35,['반려동물 동반 불가']
골든서울호텔,서울,강서구,서울 강서구 공항대로 663,['반려동물 동반 불가']
보보호텔,서울,마포구,서울 마포구 양화로 94,['반려동물 동반 불가']
"홀리데이 인 익스프레스 서울 홍대, IHG 호텔",서울,마포구,서울 마포구 양화로 188,"['반려동물 동반 불가', '장애인 안내 동물 동반 가능']"
L7 홍대 바이 롯데,서울,마포구,서울 마포구 양화로 141,['반려동물 동반 불가']
글래드 마포,서울,마포구,서울 마포구 마포대로 92,['반려동물 동반 불가']
H 에비뉴 호텔 신촌 이대,서울,마포구,서울 마포구 신촌로 152,['반려동물 동반 불가']
나인브릭 호텔,서울,마포구,서울 마포구 홍익로5길 32,['반려동물 동반 불가']
아만티 호텔 서울,서울,마포구,서울 마포구 월드컵북로 31,"['반려동물 동반 불가', '장애인 안내 동물 동반 가능']"
신라스테이 마포,서울,마포구,서울 마포구 마포대로 83,"['반려동물 동반 불가', '장애인 안내 동물 동반 가능']"
호텔 더 디자이너스 홍대,서울,마포구,서울 마포구 양화로 86,['반려동물 동반 불가']
메리골드 호텔,서울,마포구,서울 마포구 양화로 112,['반려동물 동반 불가']
베니키아 더엠호텔,서울,마포구,서울 마포구 월드컵북로 120,"['반려동물 동반 불가', '장애인 안내 동물 동반 가능']"
스탠포드 호텔 서울,서울,마포구,서울 마포구 월드컵북로58길 15,['반려동물 동반 불가']
롯데시티호텔 마포,서울,마포구,서울 마포구 마포대로 109,"['반려동물 동반 불가', '장애인 안내 동물 동반 가능']"
서울 가든 호텔,서울,마포구,서울 마포구 마포대로 58,['반려동물 동반 불가']
위고인 호스텔,서울,서대문구,서울 서대문구 신촌로 141 위고인호스텔빌딩,"['반려동물 동반 불가', '장애인 안내 동물 동반 가능']"
서울 그랜드 호스텔 이대,서울,서대문구,서울 서대문구 신촌로 155,['반려동물 동반 불가']
에버에잇 레지던스,서울,서대문구,서울 서대문구 신촌역로 7,['반려동물 동반 불가']
호텔 밀하우스 신촌,서울,서대문구,서울 서대문구 연세로2나길 5,"['반려동물 동반 불가', '장애인 안내 동물 동반 가능']"
호텔 라싸,서울,서대문구,서울 서대문구 연세로2가길 3,"['반려동물 동반 불가', '장애인 안내 동물 동반 가능']"
신라스테이 서대문,서울,서대문구,서울 서대문구 충정로 76,"['반려동물 동반 불가', '장애인 안내 동물 동반 가능']"
스위스 그랜드 호텔,서울,서대문구,서울 서대문구 연희로 353,['반려동물 동반 불가']
포레스타,서울,성동구,서울 성동구 무학로2길 51,['반려동물 동반 불가']
호텔디아티스트 연신내점,서울,은평구,서울 은평구 통일로 891,['반려동물 동반 불가']
브릭스 호텔,서울,은평구,서울 은평구 은평로8길 1,['반려동물 동반 불가']
라비야 호텔,서울,은평구,서울 은평구 진흥로 138,['반려동물 동반 불가']
노블레스 호텔,서울,노원구,서울 노원구 노해로77길 22,['반려동물 동반 불가']
호텔베이204 도봉,서울,도봉구,서울 도봉구 도봉로 710,['반려동물 동반 불가']
솔라리움 시티,서울,강북구,서울 강북구 덕릉로 111,['반려동물 동반 불가']
에이치 애비뉴 호텔 성신,서울,성북구,서울 성북구 동소문로 130,['반려동물 동반 불가']
아리랑힐 호텔 동대문,서울,성북구,서울 성북구 아리랑로 8,"['반려동물 동반 불가', '장애인 안내 동물 동반 가능']"
서울 DH 네상스 호텔,서울,성북구,서울 성북구 동소문로20나길 39,['반려동물 동반 불가']
라코지스테이,서울,중랑구,서울 중랑구 망우로 232,"['반려동물 동반 불가', '장애인 안내 동물 동반 가능']"
호텔 드 씨엘,서울,중랑구,서울 중랑구 동일로 866,['반려동물 동반 불가']
체이슨 엠,서울,동대문구,서울 동대문구 회기로 188-12,['반려동물 동반 불가']
호텔 유니크 바이 포레,서울,동대문구,서울 동대문구 이문로 192,"['반려동물 동반 불가', '장애인 안내 동물 동반 가능']"
에스엠부티크호텔,서울,동대문구,서울 동대문구 천호대로 291-1,"['반려동물 동반 불가', '장애인 안내 동물 동반 가능']"
더 리센츠,서울,동대문구,서울 동대문구 천호대로 383,['반려동물 동반 불가']
골든 시티 호텔 동대문,서울,동대문구,서울 동대문구 천호대로 377,['반려동물 동반 불가']
호텔 더 디자이너스 청량리,서울,동대문구,서울 동대문구 왕산로 226,"['반려동물 동반 불가', '장애인 안내 동물 동반 가능']"
동대문 부티크나인,서울,동대문구,서울 동대문구 왕산로 28,['반려동물 동반 불가']
베니키아 호텔 플라워,서울,동대문구,서울 동대문구 왕산로 269,['반려동물 동반 불가']
호텔 케이월드,서울,광진구,서울 광진구 동일로 90,['반려동물 동반 불가']
호텔 더 디자이너스 프리미어 건대,서울,광진구,서울 광진구 동일로 172,['반려동물 동반 불가']
H 에비뉴 호텔 건대,서울,광진구,서울 광진구 동일로 156,['반려동물 동반 불가']
호텔 부티크나인 능동,서울,광진구,서울 광진구 천호대로 560,['반려동물 동반 불가']
호텔 더 디자이너스 건대,서울,광진구,서울특별시 광진구 중곡동 천호대로 521,"['반려동물 동반 불가', '장애인 안내 동물 동반 가능']"
호텔 컬리넌 건대,서울,광진구,서울 광진구 동일로 212,['반려동물 동반 불가']
더 클래식 500 이그제큐티브 레지던스 펜타즈,서울,광진구,서울 광진구 능동로 90,['반려동물 동반 불가']
그랜드 워커힐 서울,서울,광진구,서울 광진구 워커힐로 177,['반려동물 동반 불가']
동서울 호텔,서울,광진구,서울 광진구 구의강변로 38,['반려동물 동반 불가']
호텔 포코 성수,서울,성동구,서울 성동구 성수이로 96,"['반려동물 동반 가능(반려견만 허용, 객실당 2마리, 1마리당 최대 10 kg)*', '장애인 안내 동물 동반 가능', '특정 객실만, 제한 사항 적용*', '반려동물 감독 필수', '먹이/물 그릇, 반려동물용 변기 이용 가능']"
호텔 컬리넌 왕십리,서울,성동구,서울 성동구 무학로2길 47,['반려동물 동반 불가']
새턴호텔,서울,성동구,서울 성동구 자동차시장1길 29,['반려동물 동반 불가']
아모렉스 호텔,서울,성동구,서울 성동구 왕십리로20길 19,['반려동물 동반 불가']
노보텔 앰배서더 용산 - 서울드래곤시티,서울,용산구,서울 용산구 청파로20길 95,['반려동물 동반 불가']
노보텔 스위트 앰배서더 서울 용산 - 서울드래곤시티,서울,용산구,서울 용산구 청파로20길 95,['반려동물 동반 불가']
그랜드 머큐어 앰배서더 호텔 앤드 레지던스 서울 용산,서울,용산구,서울 용산구 청파로20길 95,"['반려동물 동반 가능(반려견만 허용, 객실당 2마리, 1마리당 최대 10 kg)*', '장애인 안내 동물 동반 가능', '반려동물 감독 필수', '먹이/물 그릇 이용 가능']"
호텔 더 디자이너스 서울역,서울,용산구,서울 용산구 한강대로 305,['반려동물 동반 불가']
"임피리얼 팰리스 부티크 호텔, 이태원",서울,용산구,서울 용산구 이태원로 221,['반려동물 동반 불가']
이태원 에이원호텔,서울,용산구,서울 용산구 이태원로20길 2-8,"['반려동물 동반 불가', '장애인 안내 동물 동반 가능']"
가야 라트리 호텔,서울,용산구,서울 용산구 한강대로 253,['반려동물 동반 불가']
몬드리안 서울 이태원,서울,용산구,서울 용산구 장문로 23,"['반려동물 동반 불가', '장애인 안내 동물 동반 가능']"
해밀톤 호텔,서울,용산구,서울 용산구 이태원로 179,['반려동물 동반 불가']
이태원 크라운 호텔,서울,용산구,서울 용산구 녹사평대로 140,['반려동물 동반 불가']
나인트리 호텔 동대문,서울,중구,서울 중구 을지로 224,['반려동물 동반 불가']
케이스타호텔,서울,중구,서울 중구 을지로 255,['반려동물 동반 불가']
오요호스텔 명동5,서울,중구,서울 중구 퇴계로18길 43,['반려동물 동반 불가']
레스케이프 호텔,서울,중구,서울 중구 퇴계로 67,"['반려동물 동반 가능(반려견만 허용, 객실당 2마리, 1마리당 최대 10 kg)*', '특정 객실만, 제한 사항 적용*', '반려동물 감독 필수', '먹이/물 그릇 이용 가능']"
노보텔 앰배서더 서울 동대문 호텔 & 레지던스,서울,중구,서울 중구 을지로 238,"['반려동물 동반 불가', '장애인 안내 동물 동반 가능']"
디어스 명동,서울,중구,서울 중구 퇴계로 176,"['반려동물 동반 불가', '장애인 안내 동물 동반 가능']"
호텔 더 디자이너스 DDP,서울,중구,서울 중구 퇴계로 293,['반려동물 동반 불가']
명동 G-STAR,서울,중구,서울 중구 퇴계로18길 41,['반려동물 동반 불가']
G2 호텔 명동,서울,중구,서울 중구 수표로 24,['반려동물 동반 불가']
나인트리 프리미어 호텔 명동 II,서울,중구,서울 중구 마른내로 28,"['반려동물 동반 불가', '장애인 안내 동물 동반 가능']"
알로프트 서울 명동,서울,중구,서울 중구 남대문로 56,"['반려동물 동반 불가', '장애인 안내 동물 동반 가능']"
호텔스카이파크 명동2호점,서울,중구,서울 중구 명동9길 22,['반려동물 동반 불가']
트레블로지 동대문 호텔,서울,중구,서울 중구 동호로 359,['반려동물 동반 불가']
호텔 스카이파크 킹스타운 동대문점,서울,중구,서울 중구 장충단로13길 20,"['반려동물 동반 불가', '장애인 안내 동물 동반 가능']"
영빈호텔,서울,중구,서울 중구 퇴계로56길 18,['반려동물 동반 불가']
코트야드 바이 메리어트 서울 남대문,서울,중구,서울 중구 남대문로 9,"['반려동물 동반 불가', '장애인 안내 동물 동반 가능']"
96번지 트래블러스 롯지,서울,중구,서울 중구 퇴계로 343-1,"['반려동물 동반 불가', '장애인 안내 동물 동반 가능']"
K-게스트하우스 동대문 프리미엄,서울,중구,서울 중구 장충단로 213,['반려동물 동반 불가']
라마다 바이 윈덤 서울 동대문,서울,중구,서울 중구 동호로 354,['반려동물 동반 불가']
롯데시티호텔 명동,서울,중구,서울 중구 삼일대로 362,['반려동물 동반 불가']
소테츠호텔즈 더 스프라지르 서울 명동,서울,중구,서울 중구 남대문로5길 15,"['반려동물 동반 불가', '장애인 안내 동물 동반 가능']"
크라운파크호텔,서울,중구,서울 중구 남대문로7길 19,['반려동물 동반 불가']
에이큐브 호텔,서울,중구,서울 중구 동호로35길 5,"['반려동물 동반 불가', '장애인 안내 동물 동반 가능']"
호텔 스카이파크 센트럴 명동점,서울,중구,서울 중구 명동9길 16,"['반려동물 동반 불가', '장애인 안내 동물 동반 가능']"
24 게스트하우스 서울 시청점,서울,중구,서울 중구 덕수궁길 7,['반려동물 동반 불가']
솔라리아 니시테츠 호텔 서울 명동,서울,중구,서울 중구 명동8길 27,"['반려동물 동반 불가', '장애인 안내 동물 동반 가능']"
호텔 더 디자이너스 동대문,서울,중구,서울 중구 퇴계로 306,"['반려동물 동반 불가', '장애인 안내 동물 동반 가능']"
24게스트하우스 명동타운,서울,중구,서울 중구 퇴계로 61,"['반려동물 동반 불가', '장애인 안내 동물 동반 가능']"
크레토 호텔 명동,서울,중구,서울 중구 명동8가길 53,['반려동물 동반 불가']
호텔 잭슨나인스,강원,춘천시,강원 춘천시 중앙로 193,['반려동물 동반 불가']
세인트존스 호텔,강원,강릉시,강원 강릉시 창해로 307,"['반려동물 동반 무료(반려견만 허용, 객실당 1마리, 1마리당 최대 15 kg)', '장애인 안내 동물 동반 가능', '특정 객실만*', '반려동물 감독 필수', '먹이/물 그릇 이용 가능']"
더화이트호텔 평창,강원,평창군,강원 평창군 봉평면 태기로 228-95,"['반려동물 동반 불가', '장애인 안내 동물 동반 가능']"
베스트웨스턴플러스 전주,전북,전주시,전북 전주시 완산구 현무1길 41,['반려동물 동반 불가']
호텔 케니 여수,전남,여수시,전남 여수시 충무로 54-2,['반려동물 동반 불가']
호텔 윈스토리,제주,서귀포시,제주특별자치도 서귀포시 중정로 11,['반려동물 동반 불가']
호텔 케니 서귀포,제주,서귀포시,제주특별자치도 서귀포시 동문로 42,"['반려동물 동반 불가', '장애인 안내 동물 동반 가능']"
호텔 휘슬라크 바이 베스트 웨스턴 시그니처 컬렉션,제주,제주시,제주특별자치도 제주시 서부두2길 26,['반려동물 동반 불가']
호텔위드제주,제주,제주시,제주특별자치도 제주시 노연로 34,['반려동물 동반 불가']
글로스터 호텔 제주,제주,제주시,제주특별자치도 제주시 삼무로 57,['반려동물 동반 불가']
코업시티 호텔 하버뷰,제주,서귀포시,제주특별자치도 서귀포시 남원읍 태위로 108,['반려동물 동반 불가']
코업시티호텔 성산,제주,서귀포시,제주특별자치도 서귀포시 성산읍 성산등용로 28,['반려동물 동반 불가']
유탑유블레스호텔 제주 함덕점,제주,제주시,제주특별자치도 제주시 조천읍 조함해안로 502,['반려동물 동반 불가']
체이슨호텔 더 스마일,제주,서귀포시,제주특별자치도 서귀포시 신서로48번길 50,['반려동물 동반 불가']
오션팰리스 호텔,제주,서귀포시,제주특별자치도 서귀포시 중앙로 14,['반려동물 동반 불가']
세인트비치 호텔,제주,제주시,제주특별자치도 제주시 조천읍 조함해안로 504,['반려동물 동반 불가']
아트스테이 서귀포 하버,제주,서귀포시,제주 서귀포시 태평로 436,['반려동물 동반 불가']
아이미제주비치호텔,제주,제주시,제주특별자치도 제주시 조천읍 조함해안로 474,['반려동물 동반 불가']
골든튤립 제주 성산 호텔,제주,서귀포시,제주특별자치도 서귀포시 성산읍 일출로 31,"['반려동물 동반 불가', '장애인 안내 동물 동반 가능']"
호텔 윈 스카이,제주,서귀포시,제주특별자치도 서귀포시 신중남로 17,"['반려동물 동반 불가', '장애인 안내 동물 동반 가능']"
제주센트럴시티호텔,제주,제주시,제주특별자치도 제주시 노연로 66,['반려동물 동반 불가']
비스타케이 호텔 월드컵,제주,서귀포시,제주특별자치도 서귀포시 김정문화로41번길 10-6,['반려동물 동반 불가']
브라운 스위트 제주 호텔 앤 리조트,제주,서귀포시,제주특별자치도 서귀포시 성산읍 고성오조로 94,['반려동물 동반 불가']
호텔 HI,제주,서귀포시,제주특별자치도 서귀포시 중앙로47번길 25,"['반려동물 동반 불가', '장애인 안내 동물 동반 가능']"
호텔 리젠트 마린,제주,제주시,제주특별자치도 제주시 서부두2길 20,"['반려동물 동반 불가', '장애인 안내 동물 동반 가능']"
신신호텔 제주공항,제주,제주시,제주특별자치도 제주시 도령로 124,['반려동물 동반 불가']
라마다 제주 함덕,제주,제주시,제주특별자치도 제주시 조천읍 신북로 470,['반려동물 동반 불가']
라마다 제주시티홀,제주,제주시,제주특별자치도 제주시 중앙로 304,['반려동물 동반 불가']
이스턴 호텔 제주,제주,서귀포시,제주특별자치도 서귀포시 서호중로 65,['반려동물 동반 불가']
디아일랜드블루호텔,제주,서귀포시,제주특별자치도 서귀포시 태평로431번길 3,"['반려동물 동반 불가', '장애인 안내 동물 동반 가능']"
호텔골든데이지 서귀포오션,제주,서귀포시,제주특별자치도 서귀포시 동홍로 7,['반려동물 동반 불가']
더 베스트 제주 성산 호텔,제주,서귀포시,제주특별자치도 서귀포시 성산읍 동류암로 26,"['반려동물 동반 불가', '장애인 안내 동물 동반 가능']"
그랜드밀리언스호텔,제주,서귀포시,제주 서귀포시 서호중앙로 84,"['반려동물 동반 불가', '장애인 안내 동물 동반 가능']"
엠스테이 호텔 제주,제주,서귀포시,제주특별자치도 서귀포시 태평로353번길 14,"['반려동물 동반 불가', '장애인 안내 동물 동반 가능']"
베니키아 호텔 대림,대전,중구,대전 중구 대종로505번길 50,['반려동물 동반 불가']
대전 아이호텔,대전,유성구,대전 유성구 엑스포로123번길 27-5,['반려동물 동반 불가']
경하온천호텔,대전,유성구,대전 유성구 온천로101번길 30,['반려동물 동반 불가']
호텔 ICC,대전,유성구,대전 유성구 엑스포로123번길 55,['반려동물 동반 불가']
호텔 인터시티,대전,유성구,대전 유성구 온천로 92,['반려동물 동반 불가']
유성호텔,대전,유성구,대전 유성구 온천로 9,"['반려동물 동반 불가', '장애인 안내 동물 동반 가능']"
롯데 시티 호텔 대전,대전,유성구,대전 유성구 엑스포로123번길 33,"['반려동물 동반 불가', '장애인 안내 동물 동반 가능']"
디 엠프레스 호텔,대전,서구,대전 서구 한밭대로570번길 29-20,"['반려동물 동반 불가', '장애인 안내 동물 동반 가능']"
호텔 플라밍고,대전,동구,대전 동구 동서대로1683번길 76-7,['반려동물 동반 불가']
선샤인 호텔,대전,동구,대전 동구 동서대로 1700,"['반려동물 동반 불가', '장애인 안내 동물 동반 가능']"
말리 호텔 앤 리조트,충남,태안군,충남 태안군 소원면 만리포1길 95,"['반려동물 동반 무료', '특정 객실만, 제한 사항 적용*']"
온양제일호텔,충남,아산시,충남 아산시 온천대로 1462,['반려동물 동반 불가']
온양관광호텔,충남,아산시,충남 아산시 온천대로 1459,['반려동물 동반 불가']
호텔 머드린,충남,보령시,충남 보령시 해수욕장8길 28,['반려동물 동반 불가']
베니키아 천안 관광호텔,충청남도,천안시,충청남도 천안시 서북구 양지21길 42 (성정동),['반려동물 동반 불가']
티포인트관광호텔,충남,천안시,충남 천안시 서북구 성정공원5로 42,['반려동물 동반 불가']
메트로관광호텔,충남,천안시,충남 천안시 동남구 대흥로 241-11,['반려동물 동반 불가']
신라스테이 천안,충남,천안시,충남 천안시 서북구 동서대로 177,"['반려동물 동반 불가', '장애인 안내 동물 동반 가능']"
무주 나봄리조트,전북,무주군,전북 무주군 설천면 월곡길 45,['반려동물 동반 불가']
오헤브데이호텔,전북,남원시,전북 남원시 운봉읍 바래봉길 193,"['반려동물 동반 불가', '장애인 안내 동물 동반 가능']"
스위트 호텔 남원,전북,남원시,전북 남원시 주천면 원천로 217,['반려동물 동반 불가']
정읍 호텔로얄,전북,정읍시,전북 정읍시 중앙로 170,['반려동물 동반 불가']
웨스턴라이프 호텔,전북,익산시,전북 익산시 동서로 380,['반려동물 동반 불가']
베스트 웨스턴 군산 호텔,전북,군산시,전북 군산시 새만금북로 435,"['반려동물 동반 불가', '장애인 안내 동물 동반 가능']"
베니키아 아리울 호텔,전북,군산시,전북 군산시 가도안1길 45,['반려동물 동반 불가']
리츠 플라자 호텔,전북,군산시,전북 군산시 한밭안길 30,['반려동물 동반 불가']
늘품호텔,전북,전주시,전북 전주시 완산구 기린대로 90,['반려동물 동반 불가']
나비잠 한옥 호텔,전북,전주시,전북 전주시 완산구 팔달로 150-17,"['반려동물 동반 가능(1마리당 최대 8 kg)*', '장애인 안내 동물 동반 가능', '특정 객실만*', '반려동물 감독 필수']"
오페라21호텔,전북,전주시,전북 전주시 덕진구 정언신로 186,['반려동물 동반 불가']
그랜드힐스턴호텔,전북,전주시,전라북도 전주시 완산구 온고을로 211 (효자동3가),['반려동물 동반 불가']
로니호텔,전북,전주시,전북 전주시 완산구 전주객사4길 74-50,['반려동물 동반 불가']
전주영화호텔,전북,전주시,전북 전주시 완산구 전주객사2길 28-27,"['반려동물 동반 불가', '장애인 안내 동물 동반 가능']"
전주 관광 호텔,전북,전주시,전북 전주시 완산구 전주객사5길 44-5,"['반려동물 동반 불가', '장애인 안내 동물 동반 가능']"
풍남관광호텔,전북,전주시,전북 전주시 완산구 팔달로 212-9,"['반려동물 동반 불가', '장애인 안내 동물 동반 가능']"
전주 한성 투어리스트 호텔,전북,전주시,전북 전주시 완산구 전주객사5길 43-3,['반려동물 동반 불가']
라한호텔 전주,전북,전주시,전북 전주시 완산구 기린대로 85,['반려동물 동반 불가']
쏠비치 진도,전남,진도군,전남 진도군 의신면 송군길 30-40,['반려동물 동반 불가']
완도 원네스 리조트,전남,완도군,전남 완도군 완도읍 청해진서로 189-50,['반려동물 동반 불가']
은혜가족호텔,전남,장성군,전남 장성군 북하면 백양로 1129-14,['반려동물 동반 불가']
백양관광호텔,전남,장성군,전남 장성군 북하면 백양로 941,['반려동물 동반 불가']
호텔 더 스타,서울,중구,서울 중구 소공로 119,"['반려동물 동반 불가', '장애인 안내 동물 동반 가능']"
한옥 호텔 영산재,전남,영암군,전남 영암군 상호읍 나불외도로 126-17,['반려동물 동반 불가']
더케이 지리산 가족호텔,전남,구례군,전라남도 구례군 산동면 지리산온천로 317,['반려동물 동반 불가']
담양리조트,전남,담양군,전남 담양군 금성면 금성산성길 202,"['반려동물 동반 불가', '장애인 안내 동물 동반 가능']"
순천 호텔캐슬,전남,순천시,전남 순천시 상풍길 37,['반려동물 동반 불가']
아트앤스테이 - 호스텔,전남,순천시,전남 순천시 팔마로 126,['반려동물 동반 불가']
더 베이 호텔 & 풀 빌라,전남,순천시,전남 순천시 동너리길 170,['반려동물 동반 불가']
호텔 아이엠,전남,순천시,전남 순천시 역전광장1길 6,['반려동물 동반 불가']
샤인 호텔,전남,순천시,전남 순천시 남신월길 4,['반려동물 동반 불가']
파인힐스 호텔,전남,순천시,전남 순천시 주암면 송광사길 99,"['반려동물 동반 불가', '장애인 안내 동물 동반 가능']"
Ecograd Hotel,전남,순천시,전남 순천시 백강로 234,"['반려동물 동반 불가', '장애인 안내 동물 동반 가능']"
순천 베네치아 관광호텔,전남,순천시,전남 순천시 팔마2길 13,['반려동물 동반 불가']
여수 썬힐스파펜션,전남,여수시,전남 여수시 돌산읍 신추길 22,['반려동물 동반 불가']
슈가브리움,전남,여수시,전남 여수시 돌산읍 몰둠벙길 58,['반려동물 동반 불가']
키웨스트 리조트,전남,여수시,전남 여수시 이순신광장로 139,"['반려동물 동반 불가', '장애인 안내 동물 동반 가능']"
디아크리조트,전남,여수시,전남 여수시 돌산읍 돌산로 3169-30,['반려동물 동반 불가']
꿀잠호텔,전남,여수시,전남 여수시 공화남2길 12,['반려동물 동반 불가']
엠제이투어호스텔,전남,여수시,전남 여수시 오동도로 86,"['반려동물 동반 무료(반려견만 허용, 객실당 1마리, 1마리당 최대 5 kg)', '장애인 안내 동물 동반 가능', '특정 객실만*', '반려동물 감독 필수']"
폴로니아 호스텔&게스트하우스,전남,여수시,전남 여수시 동문로 139,['반려동물 동반 불가']
아리아 펜션 리조트,전남,여수시,전남 여수시 망양로 185,"['반려동물 동반 불가', '장애인 안내 동물 동반 가능']"
지뜨펜션,전남,여수시,전남 여수시 여수시민로 1,['반려동물 동반 불가']
씨스타호스텔 여수,전남,여수시,전남 여수시 소호1길 40,"['반려동물 동반 불가', '장애인 안내 동물 동반 가능']"
라테라스 부티크 리조트 & 스파,전남,여수시,전남 여수시 돌산읍 진모1길 29-12,['반려동물 동반 불가']
백패커스 인 여수 - 호스텔,전남,여수시,전남 여수시 공화남2길 14,['반려동물 동반 불가']
한옥호텔 오동재,전남,여수시,전남 여수시 박람회길 99,['반려동물 동반 불가']
오동도 호텔,전남,여수시,전남 여수시 오동도로 102,['반려동물 동반 불가']
스테이더딜라잇 여수점,전남,여수시,전남 여수시 망양로 20,['반려동물 동반 불가']
베니키아 호텔 여수,전남,여수시,전남 여수시 시청서6길 19,['반려동물 동반 불가']
디오션호텔,전남,여수시,전남 여수시 소호로 295,['반려동물 동반 불가']
나르샤관광호텔,전남,여수시,전남 여수시 시청서6길 3,['반려동물 동반 불가']
비앤비치 호텔,전남,여수시,전남 여수시 시청서6길 25,['반려동물 동반 불가']
샹보르 호텔,전남,여수시,전남 여수시 공화남2길 20,['반려동물 동반 불가']
마띠유 여수,전남,여수시,전남 여수시 오동도로 20,"['반려동물 동반 불가', '장애인 안내 동물 동반 가능']"
호텔몬다비,전남,목포시,전남 목포시 수강로4번길 33,['반려동물 동반 불가']
샹그리아비치관광호텔,전남,목포시,전남 목포시 평화로 79,['반려동물 동반 불가']
엘가 호텔,경기,화성시,경기 화성시 향남읍 평6길 46-1,"['반려동물 동반 불가', '장애인 안내 동물 동반 가능']"
호텔 푸르미르,경기,화성시,경기 화성시 효행로 480,['반려동물 동반 불가']
베니키아 더 에이치 호텔,경기,화성시,경기 화성시 남양읍 역골로 3-12,"['반려동물 동반 불가', '장애인 안내 동물 동반 가능']"
롤링 힐스 호텔,경기,화성시,경기 화성시 남양읍 시청로 290,['반려동물 동반 불가']
신라스테이 동탄,경기,화성시,경기 화성시 노작로 161,"['반려동물 동반 불가', '장애인 안내 동물 동반 가능']"
호텔 갤러리,경기,포천시,경기 포천시 소흘읍 죽엽산로 432-17,['반려동물 동반 불가']
아시아 관광 호텔,경기,평택시,경기 평택시 신장로 33,"['반려동물 동반 가능(반려견과 반려묘만 허용, 1마리당 최대 10 kg)*', '장애인 안내 동물 동반 가능', '특정 객실만*', '반려동물 감독 필수']"
평택스테이호텔,경기,평택시,경기 평택시 평택1로 7,['반려동물 동반 불가']
가보호텔,경기,평택시,경기 평택시 평택5로76번길 18-10,"['반려동물 동반 불가', '장애인 안내 동물 동반 가능']"
뷰티풀호텔,경기,파주시,경기 파주시 중앙로 94-9,['반려동물 동반 불가']
호텔 시에나,경기,파주시,경기 파주시 소리천로 31,"['반려동물 동반 불가', '장애인 안내 동물 동반 가능']"
에덴 파라다이스호텔,경기,이천시,경기 이천시 마장면 서이천로 449-82,['반려동물 동반 불가']
호텔 더 클래스,경기,이천시,경기 이천시 중리천로 126-19,['반려동물 동반 불가']
호텔 미란다,경기,이천시,경기 이천시 중리천로115번길 45,['반려동물 동반 불가']
의정부 라트리호텔,경기,의정부시,경기 의정부시 청사로6번길 19-13,['반려동물 동반 불가']
제이비스호텔,경기,의정부시,경기 의정부시 청사로6번길 19-7,['반려동물 동반 불가']
호텔더숨포레스트,경기,용인시,경기 용인시 처인구 포곡읍 성산로 633,"['반려동물 동반 불가', '장애인 안내 동물 동반 가능']"
파인관광호텔,경기,용인시,경기 용인시 기흥구 삼성2로96번길 29-49,['반려동물 동반 불가']
용인 아스트로호텔,경기,용인시,경기 용인시 수지구 포은대로 479,['반려동물 동반 불가']
호텔얼레이,경기,용인시,경기 용인시 기흥구 신정로 231,['반려동물 동반 불가']
호텔디,경기,오산시,경기 오산시 원동로 5,['반려동물 동반 불가']
썬밸리 호텔,경기,여주시,경기 여주시 강변유원지길 45,['반려동물 동반 불가']
한화리조트 양평,경기,양평군,경기 양평군 옥천면 신촌길 188,['반려동물 동반 불가']
CS 프리미어 호텔,경기,안양시,경기 안양시 만안구 경수대로 1180,['반려동물 동반 불가']
어반 부티크 호텔,경기,안양시,경기 안양시 동안구 흥안대로 497,['반려동물 동반 불가']
삼원프라자호텔,경기,안양시,경기 안양시 만안구 장내로139번길 7,['반려동물 동반 불가']
센트럴 투어리스트 호텔,경기,안양시,경기 안양시 동안구 흥안대로 513,"['반려동물 동반 불가', '장애인 안내 동물 동반 가능']"
코암관광호텔,경기,안양시,경기 안양시 만안구 만안로 101,['반려동물 동반 불가']
호텔 마에스트로,경기,안성시,경기 안성시 양성면 안성맞춤대로 2134-36,['반려동물 동반 불가']
로자벨 호텔,경기,안산시,경기 안산시 단원구 원곡공원로 1,['반려동물 동반 불가']
엠블던 호텔,경기,안산시,경기 안산시 단원구 중앙대로 869,['반려동물 동반 불가']
호텔 클로버,경기,안산시,경기 안산시 상록구 양지편로 22,['반려동물 동반 불가']
호텔 스퀘어 안산,경기,안산시,경기 안산시 단원구 동산로 81,['반려동물 동반 불가']
대부도호텔마리나,경기,안산시,경기 안산시 단원구 사근여길 5,['반려동물 동반 불가']
호텔아우라,경기,안산시,경기 안산시 상록구 양지편로 10,"['반려동물 동반 불가', '장애인 안내 동물 동반 가능']"
안산 서원 호텔,경기,안산시,경기 안산시 상록구 서암로 8,['반려동물 동반 불가']
서울투어리스트호텔,경기,시흥시,경기 시흥시 군자천로 315,['반려동물 동반 불가']
호텔 가덴,경기,수원시,경기 수원시 권선구 경수대로335번길 12,['반려동물 동반 불가']
잇츠더블유,경기,수원시,경기 수원시 팔달구 고화로13번길 23,['반려동물 동반 불가']
마루호텔,경기,수원시,경기 수원시 팔달구 고화로9번길 33,['반려동물 동반 불가']
아이비스테이 수원,경기,수원시,경기 수원시 팔달구 갓매산로76번길 9,['반려동물 동반 불가']
코트야드 바이 메리어트 수원,경기,수원시,경기 수원시 영통구 광교호수공원로 320,"['반려동물 동반 불가', '장애인 안내 동물 동반 가능']"
수원 해시호텔,경기,수원시,경기 수원시 팔달구 갓매산로 72-1,['반려동물 동반 불가']
호텔 리츠,경기,수원시,경기 수원시 팔달구 권광로134번길 44-11,['반려동물 동반 불가']
호텔 아르떼,경기,수원시,경기 수원시 팔달구 인계로108번길 37,['반려동물 동반 불가']
로얄 프라임 호텔,경기,수원시,경기 수원시 권선구 금곡로197번길 17-10,"['반려동물 동반 불가', '장애인 안내 동물 동반 가능']"
수원 도노 1796 호텔,강원,동해시,강원 동해시 중앙로 210-1,"['반려동물 동반 불가', '장애인 안내 동물 동반 가능']"
노보텔 앰배서더 수원,경기,수원시,경기 수원시 팔달구 덕영대로 902,['반려동물 동반 불가']
라마다 플라자 수원,경기,수원시,경기 수원시 팔달구 중부대로 150,['반려동물 동반 불가']
심포니 호텔,경기,수원시,경기 수원시 영통구 반달로128번길 13,['반려동물 동반 불가']
이비스 수원 앰배서더,경기,수원시,경기 수원시 팔달구 권광로 132,['반려동물 동반 불가']
더마레보,경기,수원시,경기 수원시 영통구 봉영로 1591,['반려동물 동반 불가']
MS 호텔,부산,해운대구,부산 해운대구 해운대해변로 271,"['반려동물 동반 불가', '장애인 안내 동물 동반 가능']"
코리아관광호텔,경기,수원시,경기 수원시 팔달구 권광로175번길 62,['반려동물 동반 불가']
"그래비티 서울 판교 오토그래프 컬렉션, 메리어트 인터내셔널",경기,성남시,경기 성남시 분당구 판교역로146번길 2,"['반려동물 동반 불가', '장애인 안내 동물 동반 가능']"
카인드호텔,경기,성남시,경기 성남시 분당구 황새울로329번길 10,['반려동물 동반 불가']
서머셋 센트럴 분당,경기,성남시,경기 성남시 분당구 황새울로311번길 36,['반려동물 동반 불가']
밀리토피아호텔,경기,성남시,경기 성남시 수정구 위례대로 83,['반려동물 동반 불가']
코트야드 바이 메리어트 서울 판교,경기,성남시,경기 성남시 분당구 판교역로192번길 12,"['반려동물 동반 불가', '장애인 안내 동물 동반 가능']"
메이트 호텔 분당,경기,성남시,경기 성남시 분당구 황새울로335번길 7,['반려동물 동반 불가']
바인 호텔,경기,성남시,경기도 성남시 중원구 산성대로 184,"['반려동물 동반 불가', '장애인 안내 동물 동반 가능']"
분당 리젠시 호텔,경기,성남시,경기 성남시 분당구 황새울로 352,['반려동물 동반 불가']
고려호텔,경기,부천시,경기 부천시 길주로 66,['반려동물 동반 불가']
폴라리스 호텔,경기,부천시,경기 부천시 소향로13번길 27,['반려동물 동반 불가']
부천 호텔,경기,부천시,경기 부천시 길주로 131,['반려동물 동반 불가']
제니스 호텔,경기,부천시,경기 부천시 길주로77번길 19-24,['반려동물 동반 불가']
테마파크 관광호텔,경기,부천시,경기 부천시 길주로 69,"['반려동물 동반 불가', '장애인 안내 동물 동반 가능']"
호텔 파비아,경기,부천시,경기 부천시 부일로 510,"['반려동물 동반 가능(객실당 2마리, 1마리당 최대 10 kg)*']"
베니키아 JD 관광호텔,경기,남양주시,경기 남양주시 진접읍 해밀예당1로 50-44,['반려동물 동반 불가']
호텔 더메이,경기,남양주시,경기 남양주시 별내2로 70,['반려동물 동반 불가']
김포 스타비아호텔,경기,김포시,경기 김포시 태장로795번길 147,['반려동물 동반 불가']
김포 아셈호텔,경기,김포시,경기 김포시 태장로795번길 145,['반려동물 동반 불가']
김포 펜타스타호텔,경기,김포시,경기 김포시 태장로795번길 111,['반려동물 동반 불가']
레스트 호텔,경기,김포시,경기 김포시 태장로795번길 151,['반려동물 동반 불가']
호텔라르김포,경기,김포시,경기 김포시 고촌읍 장차로5번길 5-9,['반려동물 동반 불가']
아리수 호텔,경기,김포시,경기 김포시 태장로795번길 123,['반려동물 동반 불가']
GM 제이에스 부티크 호텔,경기,광명시,경기 광명시 오리로854번길 16-18,['반려동물 동반 불가']
라까사호텔 광명,경기,광명시,경기 광명시 일직로12번길 22,['반려동물 동반 불가']
소노캄 고양,경기,고양시,경기 고양시 일산동구 태극로 20,"['반려동물 동반 불가', '장애인 안내 동물 동반 가능']"
청평가족호텔,경기,가평군,경기 가평군 상면 덕현산장길 43-19,['반려동물 동반 무료']
클럽인너,경기,가평군,경기 가평군 가평읍 북한강변로 382,"['반려동물 동반 불가', '장애인 안내 동물 동반 가능']"
호텔 에버리치,인천,강화군,인천 강화군 강화읍 화성길50번길 43,['반려동물 동반 불가']
강화도 프레시아 호텔,인천,강화군,인천 강화군 길상면 전등사로 41,['반려동물 동반 불가']
호텔 스카이파크 인천 송도,인천,연수구,인천 연수구 컨벤시아대로 233,['반려동물 동반 불가']
파라다이스시티,인천,중구,인천 중구 영종해안남로321번길 186,['반려동물 동반 불가']
"홀리데이 인 인천 송도, IHG 호텔",인천,연수구,인천 연수구 인천타워대로 251,"['반려동물 동반 불가', '장애인 안내 동물 동반 가능']"
경원재 앰배서더 인천 어소시에이티드 위드 아코르,인천,연수구,인천 연수구 테크노파크로 200,['반려동물 동반 불가']
네스트 호텔 인천,인천,중구,인천 중구 영종해안남로 19-5,"['반려동물 동반 불가', '장애인 안내 동물 동반 가능']"
송도 센트럴파크 호텔,인천,연수구,인천 연수구 테크노파크로 193,"['반려동물 동반 가능(반려견과 반려묘만 허용, 1마리당 최대 10 kg)*', '장애인 안내 동물 동반 가능', '특정 객실만*', '반려동물 감독 필수']"
오크우드 프리미어 인천,인천,연수구,인천 연수구 컨벤시아대로 165,"['반려동물 동반 가능(반려견과 반려묘만 허용, 객실당 2마리, 1마리당 최대 10 kg)*', '특정 객실만, 제한 사항 적용*', '반려동물 감독 필수']"
인천공항호텔,인천,중구,인천 중구 신도시남로149번길 11,"['반려동물 동반 가능(객실당 2마리, 1마리당 최대 10 kg)*', '장애인 안내 동물 동반 가능', '제한 사항 적용*']"
제우메스 인천공항호텔,인천,중구,인천 중구 흰바위로59번길 31,['반려동물 동반 불가']
인천공항 호텔 준,인천,중구,인천 중구 신도시남로150번길 18,['반려동물 동반 불가']
그랜드 하얏트 인천,인천,중구,인천 중구 영종해안남로321번길 208,['반려동물 동반 불가']
호텔시애틀 인천공항점,인천,중구,인천 중구 신도시남로150번길 8,['반려동물 동반 불가']
오라카이 송도파크 호텔,인천,연수구,인천 연수구 테크노파크로 151,['반려동물 동반 불가']
쉐라톤 그랜드 인천 호텔,인천,연수구,인천 연수구 컨벤시아대로 153,"['반려동물 동반 불가', '장애인 안내 동물 동반 가능']"
호텔 오라 인천,강원,춘천시,강원 춘천시 스포츠타운길 376,['반려동물 동반 불가']
인천 프린스 관광호텔,인천,중구,인천 중구 용유서로172번길 22,"['반려동물 동반 가능(반려견과 반려묘만 허용, 객실당 2마리, 1마리당 최대 10 kg)*', '특정 객실만*', '오프리쉬(목줄 미착용) 구역, 반려동물용 변기 이용 가능']"
레이 관광호텔,인천,중구,인천 중구 을왕로58번길 7,['반려동물 동반 불가']
호텔 씨월드,인천,중구,인천 중구 용유서로479번길 50-7,['반려동물 동반 불가']
호텔 파크우드 인천 에어포트,인천,중구,인천 중구 마시란로 34,['반려동물 동반 불가']
위너스호텔,인천,중구,인천 중구 왕산로 40,['반려동물 동반 불가']
월미도 스텔라 마리스 호텔,인천,중구,인천 중구 반달로3번길 16,['반려동물 동반 불가']
인천 다이아몬드호텔,제주,제주시,제주특별자치도 제주시 신대로12길 42,['반려동물 동반 불가']
프리미어스호텔,인천,중구,인천 중구 신포로23번길 3,['반려동물 동반 불가']
베니키아 월미도 더 블리스 호텔,인천,중구,인천 중구 월미로 266,['반려동물 동반 불가']
베니키아호텔 바다의 별,인천,중구,인천 중구 월미로242번길 7-2,"['반려동물 동반 불가', '장애인 안내 동물 동반 가능']"
루비관광호텔 월미도,인천,중구,인천 중구 월미로248번길 1,['반려동물 동반 불가']
베스트 웨스턴 하버 파크 호텔,인천,중구,인천 중구 제물량로 217,"['반려동물 동반 불가', '장애인 안내 동물 동반 가능']"
인천 딘,인천,중구,인천 중구 연안부두로43번길 12,['반려동물 동반 불가']
호텔 498,인천,연수구,인천 연수구 용담로85번길 24,['반려동물 동반 불가']
브라운도트 호텔 송도,인천,연수구,인천 연수구 능허대로 227-7,['반려동물 동반 불가']
호텔원티드,인천,서구,인천 서구 북항로32번길 20,['반려동물 동반 불가']
펜타스타 호텔,인천,서구,인천 서구 오류로14번길 23,['반려동물 동반 불가']
호텔소프라,인천,서구,인천 서구 서곶로301번길 21,['반려동물 동반 불가']
토요코인 인천 부평,인천,부평구,인천 부평구 광장로 10,['반려동물 동반 불가']
인천구월 호텔베이204,인천,남동구,인천 남동구 인하로507번길 21-1,['반려동물 동반 불가']
파크 마린 호텔,인천,남동구,인천 남동구 소래역로 44,['반려동물 동반 불가']
호텔 반월,인천,남동구,인천광역시 남동구 선수촌공원로17번길 6 (구월동),['반려동물 동반 불가']
인천 M플레이스,인천,남동구,인천 남동구 인하로507번길 56,['반려동물 동반 불가']
소래cacao관광 호텔,인천,남동구,인천 남동구 앵고개로948번길 48,['반려동물 동반 불가']
골든 호텔 인천,제주,서귀포시,제주특별자치도 서귀포시 성산읍 일출로 31,['반려동물 동반 불가']
아마레 호텔 작전,인천,계양구,인천 계양구 장제로730번길 14,"['반려동물 동반 불가', '장애인 안내 동물 동반 가능']"
호텔카리스,인천,계양구,인천 계양구 계양대로 28,['반려동물 동반 불가']
블루 하와이 호텔,제주,제주시,제주특별자치도 제주시 한림읍 한림로 75,['반려동물 동반 불가']
펄리플러스 호텔,제주,제주시,제주특별자치도 제주시 도두봉2길 2,['반려동물 동반 불가']
베드라디오 도두봉,제주,제주시,제주 제주시 서해안로 204,['반려동물 동반 불가']
리치호텔,제주,제주시,제주특별자치도 제주시 애월읍 고내로13길 100,['반려동물 동반 불가']
수앤수리조트,제주,제주시,제주 제주시 애월읍 부룡수길 60,"['반려동물 동반 불가', '장애인 안내 동물 동반 가능']"
베니키아 더 제주 리조트,제주,제주시,제주특별자치도 제주시 한림읍 협재로 226,['반려동물 동반 불가']
이화호텔,제주,제주시,제주특별자치도 제주시 도령로 155,['반려동물 동반 불가']
에코그린리조트,제주,제주시,제주 제주시 한림읍 귀덕6길 94,['반려동물 동반 불가']
하이 제주 호텔,제주,제주시,제주특별자치도 제주시 한림읍 일주서로 5125,['반려동물 동반 불가']
오션패밀리호텔,제주,제주시,제주 제주시 일주서로 7531,['반려동물 동반 불가']
제주 에어포트 호텔,제주,제주시,제주특별자치도 제주시 도령로 102,['반려동물 동반 불가']
블루하와이리조트,제주,제주시,제주특별자치도 제주시 한림읍 한림로 77,['반려동물 동반 불가']
로긴 리조트,제주,제주시,제주특별자치도 제주시 서해안로 442-11,"['반려동물 동반 불가', '장애인 안내 동물 동반 가능']"
빌라드애월,제주,제주시,제주특별자치도 제주시 애월읍 애월해안로 516-7,['반려동물 동반 불가']
오투힐리조트,제주,제주시,제주 제주시 구좌읍 해맞이해안로 1590-6,['반려동물 동반 불가']
나인리조트,제주,제주시,제주특별자치도 제주시 해안마을북길 14-5,"['반려동물 동반 불가', '장애인 안내 동물 동반 가능']"
아모렉스 리조트,제주,제주시,제주특별자치도 제주시 서해안로 216,['반려동물 동반 불가']
베스트 웨스턴 제주 호텔,제주,제주시,제주특별자치도 제주시 도령로 27,['반려동물 동반 불가']
올레리조트,제주,제주시,제주특별자치도 제주시 애월읍 부룡수길 33,['반려동물 동반 불가']
다인리조트,제주,제주시,제주특별자치도 제주시 애월읍 애월해안로 400-9,['반려동물 동반 불가']
그림리조트,제주,제주시,제주특별자치도 제주시 서해안로 620-1,['반려동물 동반 불가']
꼬뜨도르 호텔,제주,제주시,제주특별자치도 제주시 구좌읍 일주동로 1724,['반려동물 동반 불가']
그랜드 하얏트 제주,제주,제주시,제주특별자치도 제주시 노연로 12,"['반려동물 동반 불가', '장애인 안내 동물 동반 가능']"
시티홀호텔,제주,제주시,제주 제주시 동광로4길 9-4,['반려동물 동반 불가']
다인오세아노 호텔,제주,제주시,제주특별자치도 제주시 애월읍 애월해안로 394,['반려동물 동반 불가']
호텔 시리우스,제주,제주시,제주특별자치도 제주시 도령로 133,['반려동물 동반 불가']
레슬리 호텔,제주,제주시,제주특별자치도 제주시 광평길 3,['반려동물 동반 불가']
호텔샬롬,제주,제주시,제주특별자치도 제주시 동광로 34,['반려동물 동반 불가']
호텔 난타 제주,제주,제주시,제주특별자치도 제주시 선돌목동길 56-26,"['반려동물 동반 불가', '장애인 안내 동물 동반 가능']"
호텔 스위트 캐슬,제주,제주시,제주 제주시 조천읍 신북로 443,"['반려동물 동반 불가', '장애인 안내 동물 동반 가능']"
오드리 인,제주,제주시,제주특별자치도 제주시 서해안로 100,['반려동물 동반 불가']
더스테이센추리호텔,제주,제주시,제주특별자치도 제주시 애월읍 일주서로 7113,['반려동물 동반 불가']
어반아일랜드,제주,제주시,제주특별자치도 제주시 삼무로 76,['반려동물 동반 불가']
인덱스제이드림호텔,제주,제주시,제주특별자치도 제주시 은남1길 40,"['반려동물 동반 불가', '장애인 안내 동물 동반 가능']"
제주 슬림 호텔,제주,제주시,제주 제주시 서광로 292-1,['반려동물 동반 불가']
탐라스테이호텔제주,제주,제주시,제주특별자치도 제주시 애월읍 애월해안로 881,"['반려동물 동반 불가', '장애인 안내 동물 동반 가능']"
하버 호텔,제주,제주시,제주 제주시 임항로 260,"['반려동물 동반 불가', '장애인 안내 동물 동반 가능']"
호텔더원,제주,제주시,제주특별자치도 제주시 사장3길 33,"['반려동물 동반 불가', '장애인 안내 동물 동반 가능']"
블랙샌즈호텔,제주,제주시,제주 제주시 선사로 8,['반려동물 동반 불가']
제주 에스호텔,제주,제주시,제주특별자치도 제주시 오일장중길 26,['반려동물 동반 불가']
해마 호텔,제주,제주시,제주특별자치도 제주시 삼무로 28,['반려동물 동반 불가']
베니키아 호텔 제주,제주,제주시,제주 제주시 애월읍 애월해안로 554-6,['반려동물 동반 불가']
제주 갤럭시호텔,제주,제주시,제주특별자치도 제주시 남성로 33,['반려동물 동반 불가']
신라스테이 제주,제주,제주시,제주특별자치도 제주시 노연로 100,['반려동물 동반 불가']
사하라 호텔,충북,청주시,충북 청주시 흥덕구 강서로 83-8,['반려동물 동반 불가']
유니호텔 제주,제주,제주시,제주특별자치도 제주시 애월읍 애월해안로 656,['반려동물 동반 불가']
심스 호텔,제주,제주시,제주 제주시 임항로 249,['반려동물 동반 불가']
아스타호텔,제주,제주시,제주특별자치도 제주시 서사로 129,['반려동물 동반 불가']
아이진호텔,제주,제주시,제주 제주시 신대로22길 4,"['반려동물 동반 불가', '장애인 안내 동물 동반 가능']"
그라벨 호텔 제주,제주,제주시,제주특별자치도 제주시 일주서로 7316,"['반려동물 동반 불가', '장애인 안내 동물 동반 가능']"
팜파스호텔 제주,제주,제주시,제주 제주시 서해안로 368-3,['반려동물 동반 불가']
씨앤호텔,제주,제주시,제주특별자치도 제주시 일주서로 7490,['반려동물 동반 불가']
골든 파크 호텔,제주,제주시,제주 제주시 서광로2길 9,['반려동물 동반 불가']
호텔 컬리넌 제주,제주,제주시,제주특별자치도 제주시 사장1길 26,['반려동물 동반 불가']
미주호텔,제주,제주시,제주특별자치도 제주시 신대로 60,['반려동물 동반 불가']
엠버호텔 센트럴,제주,제주시,제주 제주시 노연로 24,"['반려동물 동반 불가', '장애인 안내 동물 동반 가능']"
롯데시티호텔 제주,제주,제주시,제주특별자치도 제주시 도령로 83,['반려동물 동반 불가']
해호텔 제주,경기,양주시,경기 양주시 장흥면 권율로 83-12,['반려동물 동반 불가']
엠버호텔 제주,제주,제주시,제주특별자치도 제주시 삼무로 12,['반려동물 동반 불가']
로긴 호텔,제주,제주시,제주 제주시 서해안로 442-11,['반려동물 동반 불가']
올레관광호텔,제주,제주시,제주특별자치도 제주시 서광로 254,"['반려동물 동반 불가', '장애인 안내 동물 동반 가능']"
퓨어 스테이,제주,제주시,제주특별자치도 제주시 신대로 68,['반려동물 동반 불가']
엠버시티호텔,제주,제주시,제주 제주시 노연로 13,['반려동물 동반 불가']
애플 호텔,제주,제주시,제주 제주시 동광로 45,['반려동물 동반 불가']
맨하탄호텔,제주,제주시,제주특별자치도 제주시 도령로 66,['반려동물 동반 불가']
오션 그랜드 호텔,제주,제주시,제주특별자치도 제주시 조천읍 조함해안로 490,['반려동물 동반 불가']
라마다 플라자 제주 오션 프론트,제주,제주시,제주특별자치도 제주시 탑동로 66,['반려동물 동반 불가']
코쿤 호텔,제주,제주시,제주특별자치도 제주시 애월읍 중엄3길 50,['반려동물 동반 불가']
제주 메이 더 호텔,제주,제주시,제주특별자치도 제주시 구좌읍 일주동로 1626,"['반려동물 동반 불가', '장애인 안내 동물 동반 가능']"
제주선샤인호텔,제주,제주시,제주특별자치도 제주시 조천읍 신북로 481-9,['반려동물 동반 불가']
스타즈호텔 제주로베로,제주,제주시,제주특별자치도 제주시 관덕로 26,['반려동물 동반 불가']
제주 퍼시픽 호텔,제주,제주시,제주특별자치도 제주시 서사로 20,['반려동물 동반 불가']
호텔 스카이파크 제주 1호점,인천,연수구,인천 연수구 컨벤시아대로 233,"['반려동물 동반 불가', '장애인 안내 동물 동반 가능']"
호텔삼해인,제주,제주시,제주특별자치도 제주시 도령로 108,['반려동물 동반 불가']
제주 오리엔탈호텔 카지노,제주,제주시,제주특별자치도 제주시 탑동로 47,['반려동물 동반 불가']
펄 호텔 제주,제주,제주시,제주 제주시 신대로20길 49,['반려동물 동반 불가']
제주팔레스관광호텔,제주,제주시,제주특별자치도 제주시 탑동로 9,['반려동물 동반 불가']
제주로얄호텔,제주,제주시,제주특별자치도 제주시 신대로12길 45,['반려동물 동반 불가']
메종 글래드 제주,제주,제주시,제주특별자치도 제주시 노연로 80,['반려동물 동반 불가']
망상해변 이스트 하우스,강원,동해시,강원 동해시 동해대로 6267,['반려동물 동반 불가']
호스텔 에스파스,강원,춘천시,강원 춘천시 닥나무길 12,['반려동물 동반 불가']
오색그린야드호텔,강원,양양군,강원 양양군 서면 대청봉길 34,['반려동물 동반 불가']
메이플 호텔,강원,정선군,강원 정선군 남면 무릉1로 85,['반려동물 동반 불가']
현대엘리엇 호텔&리조트,강원,평창군,강원 평창군 대관령면 경강로 4887-5,['반려동물 동반 불가']
세이지우드 홍천 호텔,강원,홍천군,강원 홍천군 두촌면 광석로 898-160,['반려동물 동반 불가']
홍천 화양강 호텔,강원,홍천군,강원 홍천군 홍천읍 소옥개로 142,['반려동물 동반 불가']
속초굿모닝호텔앤리조트,강원,속초시,강원 속초시 해오름로 204,"['반려동물 동반 불가', '장애인 안내 동물 동반 가능']"
베니키아 호텔 산과바다 속초,강원,속초시,강원 속초시 동해대로 3707,['반려동물 동반 불가']
망상해오름가족호텔,강원,동해시,강원 동해시 동해대로 6188,['반려동물 동반 불가']
썬크루즈 리조트 & 요트,강원,강릉시,강원 강릉시 강동면 헌화로 950-39,['반려동물 동반 불가']
베니키아 호텔 산과바다 주문진 리조트,강원,강릉시,강원 강릉시 주문진읍 해안로 2070,['반려동물 동반 불가']
춘천 호텔 공지천,강원,춘천시,강원 춘천시 수변공원길 11,['반려동물 동반 불가']
베니키아 호텔 산과바다 양양,강원,속초시,강원 속초시 동해대로 3691,['반려동물 동반 불가']
인제 스피디움 호텔 & 리조트,강원,인제군,강원 인제군 기린면 상하답로 130,['반려동물 동반 불가']
베니키아 KCP 호텔,강원,양구군,강원 양구군 양구읍 파로호로 993-19,['반려동물 동반 불가']
퍼시먼 관광호텔,강원,정선군,강원 정선군 남면 무릉4로 2,['반려동물 동반 불가']
하이원 팰리스 호텔 & CC,강원,정선군,강원 정선군 고한읍 고한7길 399,['반려동물 동반 불가']
하이원 그랜드 호텔 메인타워,강원,정선군,강원 정선군 사북읍 하이원길 265,['반려동물 동반 불가']
휘닉스 평창 호텔,강원,횡성군,강원 횡성군 우천면 서동로 116,['반려동물 동반 불가']
"홀리데이 인 리조트 알펜시아 평창, IHG 호텔",강원,평창군,강원 평창군 대관령면 솔봉로 325,"['반려동물 동반 불가', '장애인 안내 동물 동반 가능']"
"인터컨티넨탈 평창 리조트 알펜시아, IHG 호텔",강원,평창군,강원 평창군 대관령면 솔봉로 325,['반려동물 동반 불가']
쏠비치 삼척,강원,삼척시,강원 삼척시 수로부인길 453,"['반려동물 동반 불가', '장애인 안내 동물 동반 가능']"
롯데리조트속초,강원,속초시,강원 속초시 대포항길 186,['반려동물 동반 불가']
호텔 마레몬스,강원,속초시,강원 속초시 동해대로 3705,['반려동물 동반 불가']
켄싱턴호텔 설악,강원,속초시,강원 속초시 설악산로 998,"['반려동물 동반 불가', '장애인 안내 동물 동반 가능']"
동해보양온천컨벤션호텔,강원,동해시,강원 동해시 동해대로 6285,['반려동물 동반 불가']
뉴동해 호텔,강원,동해시,강원 동해시 평릉길 1,['반려동물 동반 불가']
호텔 이스트나인,강원,강릉시,강원 강릉시 교동광장로100번길 8-6,['반려동물 동반 불가']
강릉관광호텔,강원,강릉시,강원 강릉시 금성로 62,['반려동물 동반 불가']
더 홍씨호텔 강릉,강원,강릉시,강원 강릉시 옥천로65번길 2-6,"['반려동물 동반 불가', '장애인 안내 동물 동반 가능']"
경포비치호텔,강원,강릉시,강원 강릉시 해안로406번길 17,['반려동물 동반 불가']
씨마크 호텔,강원,강릉시,강원 강릉시 해안로406번길 2,"['반려동물 동반 불가', '장애인 안내 동물 동반 가능']"
오키드 호텔,강원,원주시,강원 원주시 봉화로 26,['반려동물 동반 불가']
베니키아 호텔 비즈인,강원,원주시,강원 원주시 만대로 7-1,['반려동물 동반 불가']
호텔인터불고 원주,강원,원주시,강원 원주시 동부순환로 200,"['반려동물 동반 불가', '장애인 안내 동물 동반 가능']"
춘천베어스호텔,강원,춘천시,강원 춘천시 스포츠타운길 376,['반려동물 동반 불가']
춘천 세종호텔,강원,춘천시,강원 춘천시 봉의산길 31,"['반려동물 동반 불가', '장애인 안내 동물 동반 가능']"
소테츠 호텔즈 더 스프라지르 서울 동대문,서울,중구,서울 중구 장충단로 226,['반려동물 동반 불가']
루미아 호텔 명동,서울,종로구,서울 종로구 난계로29길 19-11,['반려동물 동반 불가']
트레블로지 명동 을지로 호텔,서울,중구,서울 중구 수표로 61,"['반려동물 동반 불가', '장애인 안내 동물 동반 가능']"
스테이비호텔 명동,서울,중구,서울 중구 충무로 23-1,['반려동물 동반 불가']
이비스 스타일 앰배서더 서울 명동,서울,중구,서울 중구 삼일대로 302,"['반려동물 동반 불가', '장애인 안내 동물 동반 가능']"
호스텔 두 탕파스,서울,중구,서울 중구 퇴계로 159-8,['반려동물 동반 불가']
오리엔스 호텔 & 레지던스,서울,중구,서울 중구 삼일대로2길 50,['반려동물 동반 불가']
스타즈 호텔 명동 II,서울,중구,서울 중구 수표로 16,['반려동물 동반 불가']
호텔 모닝스카이,서울,중구,서울 중구 퇴계로45길 32-37,"['반려동물 동반 불가', '장애인 안내 동물 동반 가능']"
베이튼 호텔,서울,중구,서울 중구 동호로 346,['반려동물 동반 불가']
데이즈 호텔 명동,서울,중구,서울 중구 퇴계로 107,['반려동물 동반 불가']
호텔 스카이파크 동대문 1호점,서울,중구,서울 중구 동호로 335,"['반려동물 동반 불가', '장애인 안내 동물 동반 가능']"
24게스트하우스 동대문마켓,서울,중구,서울 중구 을지로 280-2,['반려동물 동반 불가']
티마크 호텔 명동,서울,중구,서울 중구 충무로 15,['반려동물 동반 불가']
써미트호텔 동대문,서울,중구,서울 중구 장충단로 198,['반려동물 동반 불가']
프레이저 플레이스 남대문,서울,중구,서울 중구 통일로 78,['반려동물 동반 불가']
더 그랜드 호텔 명동,서울,중구,서울 중구 명동8가길 38,"['반려동물 동반 불가', '장애인 안내 동물 동반 가능']"
호텔 마누,서울,중구,서울 중구 퇴계로 19,['반려동물 동반 불가']
호텔스카이파크 명동3호점,서울,중구,서울 중구 퇴계로 139,"['반려동물 동반 불가', '장애인 안내 동물 동반 가능']"
프레이저 플레이스 센트럴 서울,서울,중구,서울 중구 통일로 78,"['반려동물 동반 가능(반려견만 허용, 객실당 2마리, 1마리당 최대 10 kg)*', '제한 사항 적용*']"
이비스 앰배서더 서울 명동,서울,중구,서울 중구 남대문로 78,"['반려동물 동반 불가', '장애인 안내 동물 동반 가능']"
호텔국도,서울,중구,서울 중구 을지로 164,['반려동물 동반 불가']
반얀 트리 클럽 & 스파 서울,서울,중구,서울 중구 장충단로 60,"['반려동물 동반 불가', '장애인 안내 동물 동반 가능']"
코리아나 호텔,서울,중구,서울 중구 세종대로 135,['반려동물 동반 불가']
로얄호텔서울,서울,중구,서울 중구 명동길 61,"['반려동물 동반 불가', '장애인 안내 동물 동반 가능']"
롯데 호텔 서울,서울,중구,서울 중구 을지로 30,"['반려동물 동반 불가', '장애인 안내 동물 동반 가능']"
"더 플라자 서울, 오토그래프 컬렉션",서울,중구,서울 중구 소공로 119,"['반려동물 동반 불가', '장애인 안내 동물 동반 가능']"
퍼시픽 호텔,서울,중구,서울 중구 퇴계로20길 2,"['반려동물 동반 불가', '장애인 안내 동물 동반 가능']"
세종 호텔,서울,중구,서울 중구 퇴계로 145,['반려동물 동반 불가']
호텔 피제이 명동,서울,중구,서울 중구 마른내로 71,"['반려동물 동반 불가', '장애인 안내 동물 동반 가능']"
뉴서울 호텔,서울,중구,서울 중구 세종대로22길 16,"['반려동물 동반 불가', '장애인 안내 동물 동반 가능']"
호텔 프린스 서울,서울,중구,서울 중구 퇴계로 130,['반려동물 동반 불가']
프레지던트호텔,서울,중구,서울 중구 을지로 16,"['반려동물 동반 불가', '장애인 안내 동물 동반 가능']"
메트로호텔,서울,중구,서울 중구 명동9가길 14,"['반려동물 동반 불가', '장애인 안내 동물 동반 가능']"
서울앤호텔 동대문,서울,종로구,서울 종로구 종로66가길 21,['반려동물 동반 불가']
호스텔 하루,서울,종로구,서울 종로구 청계천로 61,['반려동물 동반 불가']
서울달빛 동대문 게스트하우스,서울,종로구,서울 종로구 종로54길 9-10,['반려동물 동반 불가']
호텔순라,서울,종로구,서울 종로구 율곡로10길 11,"['반려동물 동반 불가', '장애인 안내 동물 동반 가능']"
호스텔 클로이,서울,종로구,서울 종로구 종로16길 32-4,['반려동물 동반 불가']
호스텔 코리아 오리지널,서울,종로구,서울 종로구 돈화문로 85,['반려동물 동반 불가']
호스텔토미,서울,종로구,서울 종로구 돈화문로 66,['반려동물 동반 불가']
호텔 다다,서울,종로구,서울 종로구 삼일대로32가길 33,"['반려동물 동반 불가', '장애인 안내 동물 동반 가능']"
오라카이 대학로호텔,서울,종로구,서울 종로구 율곡로 180,['반려동물 동반 불가']
HOTEL DM,서울,종로구,서울 종로구 난계로29길 73,['반려동물 동반 불가']
오라카이 인사동 스위트,서울,종로구,서울 종로구 인사동4길 18,['반려동물 동반 불가']
목시 서울 인사동,서울,종로구,서울 종로구 돈화문로11길 37,['반려동물 동반 불가']
글루호텔,서울,종로구,서울 종로구 율곡로 228,['반려동물 동반 불가']
나인트리프리미어호텔인사동,서울,종로구,서울 종로구 인사동길 49,"['반려동물 동반 불가', '장애인 안내 동물 동반 가능']"
썬비호텔,서울,종로구,서울 종로구 인사동7길 26,['반려동물 동반 불가']
호텔 쿠레타케소 인사동 서울,서울,종로구,서울 종로구 인사동길 20-9,['반려동물 동반 불가']
루미아호텔,서울,종로구,서울 종로구 난계로29길 19-11,['반려동물 동반 불가']
호텔 아트리움,서울,종로구,서울 종로구 창경궁로 106,['반려동물 동반 불가']
종로 메이커스 X 이쁘다 호텔,서울,종로구,서울 종로구 돈화문로11길 33,['반려동물 동반 불가']
신라스테이 광화문,서울,종로구,서울 종로구 삼봉로 71,"['반려동물 동반 불가', '장애인 안내 동물 동반 가능']"
고궁호텔,서울,종로구,서울 종로구 율곡로 164,['반려동물 동반 불가']
메이플레이스 서울 동대문,서울,종로구,서울 종로구 율곡로 179,['반려동물 동반 불가']
JW 메리어트 동대문 스퀘어 서울,서울,종로구,서울 종로구 청계천로 279,"['반려동물 동반 불가', '장애인 안내 동물 동반 가능']"
이비스 앰배서더 서울 인사동,서울,종로구,서울 종로구 삼일대로30길 31,"['반려동물 동반 불가', '장애인 안내 동물 동반 가능']"
여수 노블호텔,전남,여수시,전남 여수시 돌산읍 강남해안로 93,['반려동물 동반 불가']
아미드 호텔 서울,서울,종로구,서울 종로구 인사동5길 38,['반려동물 동반 불가']
호텔 베뉴지,서울,종로구,서울 종로구 청계천로 117,['반려동물 동반 불가']
인사동 크라운 호텔,서울,종로구,서울 종로구 삼일대로30길 9,['반려동물 동반 불가']
바티카 호텔 동대문,서울,종로구,서울 종로구 청계천로 341,"['반려동물 동반 불가', '장애인 안내 동물 동반 가능']"
서울YMCA관광호텔,서울,종로구,서울 종로구 종로 69,['반려동물 동반 불가']
호텔티티 서면,부산,부산진구,부산 부산진구 새싹로 35,['반려동물 동반 불가']
사우스 반데코 호텔,부산,부산진구,부산 부산진구 서면로 6,['반려동물 동반 불가']
라이온호텔,부산,부산진구,부산 부산진구 중앙대로691번가길 14-7,['반려동물 동반 불가']
호텔 샤이어,전북,군산시,전북 군산시 소룡1길 55,"['반려동물 동반 불가', '장애인 안내 동물 동반 가능']"
이비스 앰배서더 부산 시티 센터,부산,부산진구,부산 부산진구 중앙대로 777,['반려동물 동반 불가']
토요코인 부산 서면,부산,부산진구,부산 부산진구 서전로 39,"['반려동물 동반 불가', '장애인 안내 동물 동반 가능']"
부산숙박닷컴 게스트하우스,부산,동구,부산 동구 초량중로 60,['반려동물 동반 불가']
토요코인 부산역1,부산,동구,부산 동구 중앙대로196번길 12,"['반려동물 동반 불가', '장애인 안내 동물 동반 가능']"
프라임관광호텔,부산,동구,부산 동구 중앙대로 399,['반려동물 동반 불가']
광장호텔,부산,동구,부산 동구 중앙대로214번길 7,['반려동물 동반 불가']
미포 오션사이드 호텔,부산,해운대구,부산 해운대구 달맞이길62번길 28,['반려동물 동반 불가']
시그니엘 부산,부산,해운대구,부산 해운대구 달맞이길 30,['반려동물 동반 불가']
소사이어티 호텔,부산,해운대구,부산광역시 해운대구 구남로12번길 37,['반려동물 동반 불가']
브라운도트호텔 송정점,부산,해운대구,부산 해운대구 송정광어골로 30,['반려동물 동반 불가']
선트리 호텔,부산,해운대구,부산 해운대구 달맞이길 209,['반려동물 동반 불가']
토요코인 부산해운대2,부산,해운대구,부산 해운대구 해운대해변로237번길 5,"['반려동물 동반 불가', '장애인 안내 동물 동반 가능']"
호텔포레 프리미어 해운대점,부산,해운대구,부산 해운대구 해운대해변로265번길 13-20,"['반려동물 동반 불가', '장애인 안내 동물 동반 가능']"
파라다이스 호텔 부산,부산,해운대구,부산 해운대구 해운대해변로 296,"['반려동물 동반 불가', '장애인 안내 동물 동반 가능']"
송정 올라호텔,부산,해운대구,부산 해운대구 송정광어골로 49,['반려동물 동반 불가']
JB 디자인 호텔,부산,해운대구,부산 해운대구 구남로12번길 31,['반려동물 동반 불가']
인더스트리 호텔,부산,해운대구,부산 해운대구 구남로24번길 16,['반려동물 동반 불가']
리베로 호텔,부산,해운대구,부산 해운대구 구남로29번길 21,['반려동물 동반 불가']
호텔 일루아,부산,해운대구,부산 해운대구 달맞이길 97,['반려동물 동반 불가']
브라운도트 호텔 부산 사직야구장점,부산,동래구,부산 동래구 사직북로13번길 11,['반려동물 동반 불가']
레이어스 호텔 부산 하단,부산,사하구,부산 사하구 낙동남로 1395,['반려동물 동반 불가']
브라운도트호텔 하단점,부산,사하구,부산 사하구 낙동남로1423번길 47,['반려동물 동반 불가']
브로시스 호텔,부산,중구,부산 중구 구덕로48번길 4,['반려동물 동반 불가']
반달호텔,부산,중구,부산 중구 해관로 79-1,['반려동물 동반 불가']
넘버25시그니처호텔 대청점,부산,중구,부산 중구 대청로 107,['반려동물 동반 불가']
토요코인 부산중앙역,부산,중구,부산 중구 중앙대로 125,"['반려동물 동반 불가', '장애인 안내 동물 동반 가능']"
호텔 노아,부산,중구,부산 중구 자갈치로47번길 3-1,"['반려동물 동반 불가', '장애인 안내 동물 동반 가능']"
부산 관광 호텔,부산,중구,부산 중구 광복로97번길 23,['반려동물 동반 불가']
호텔 파라곤,부산,사상구,부산 사상구 광장로 46,['반려동물 동반 불가']
브라운도트 호텔 시그니처,부산,북구,부산 북구 만덕고개길 70,['반려동물 동반 불가']
하운드 호텔 기장,부산,기장군,부산 기장군 일광면 해송3로 2,['반려동물 동반 불가']
동부산온천호텔,부산,기장군,부산 기장군 장안읍 장안로 38,['반려동물 동반 불가']
부산 비치 호텔 부산 송도,부산,서구,부산 서구 등대로 113,"['반려동물 동반 불가', '장애인 안내 동물 동반 가능']"
르 이데아 호텔,부산,남구,부산 남구 유엔평화로 35,"['반려동물 동반 불가', '장애인 안내 동물 동반 가능']"
베이 하운드 호텔,부산,영도구,부산 영도구 태종로65번길 11,['반려동물 동반 불가']
오션스테이 호텔,부산,수영구,부산 수영구 광안해변로278번길 42,"['반려동물 동반 불가', '장애인 안내 동물 동반 가능']"
호텔 미라주,부산,수영구,부산 수영구 남천바다로33번길 15,['반려동물 동반 불가']
벡스코호스텔,부산,수영구,부산 수영구 광안해변로284번길 43,['반려동물 동반 불가']
제이스테이 게스트하우스 광안리 비치 - 호스텔,서울,송파구,서울 송파구 충민로 81-9,['반려동물 동반 불가']
오션투헤븐,부산,수영구,부산 수영구 광안해변로278번길 42,"['반려동물 동반 불가', '장애인 안내 동물 동반 가능']"
브라운도트 수영점,부산,수영구,부산 수영구 광안해변로278번길 42,['반려동물 동반 불가']
오션 더 포인트 호텔,부산,수영구,부산 수영구 광안해변로278번길 42,"['반려동물 동반 불가', '장애인 안내 동물 동반 가능']"
베스트루이스해밀턴호텔광안점,부산,수영구,부산 수영구 광안해변로 276,['반려동물 동반 불가']
호텔 1,부산,수영구,부산 수영구 광안해변로 203,['반려동물 동반 불가']
호텔 런더너,부산,수영구,부산 수영구 민락본동로 12-4,"['반려동물 동반 불가', '장애인 안내 동물 동반 가능']"
H 에비뉴 호텔 광안리,부산,수영구,부산 수영구 민락수변로 29,['반려동물 동반 불가']
호메르스 호텔,부산,수영구,부산 수영구 광안해변로 217,['반려동물 동반 불가']
유토피아 호텔,부산,수영구,부산 수영구 무학로9번길 133,"['반려동물 동반 불가', '장애인 안내 동물 동반 가능']"
호텔 아쿠아 펠리스,부산,수영구,부산 수영구 광안해변로 225,['반려동물 동반 불가']
더킹호텔,부산,연제구,부산 연제구 과정로 161,['반려동물 동반 불가']
아르반 시티 호텔,부산,연제구,부산 연제구 반송로 20,"['반려동물 동반 불가', '장애인 안내 동물 동반 가능']"
시애틀 비 호텔,부산,연제구,부산 연제구 거제천로154번길 42,['반려동물 동반 불가']
다이아몬드호텔,부산,연제구,부산 연제구 월드컵대로164번길 26,['반려동물 동반 불가']
단양관광호텔 에델바이스,충북,단양군,충북 단양군 단양읍 삼봉로 31,['반려동물 동반 불가']
거성호텔,충북,음성군,충북 음성군 맹동면 장성로 107,['반려동물 동반 불가']
레이크힐스속리산호텔,충북,보은군,충북 보은군 속리산면 법주사로 305,['반려동물 동반 불가']
청풍리조트 레이크호텔,충북,제천시,충북 제천시 청풍면 청풍호로 1798,['반려동물 동반 불가']
더베이스호텔,제주,제주시,제주특별자치도 제주시 사장3길 33,['반려동물 동반 불가']
리버 호텔,충북,충주시,"충청북도 충주시 애향로 35, 봉방동, 충주","['반려동물 동반 불가', '장애인 안내 동물 동반 가능']"
THE 조선호텔 수안보,충북,충주시,충북 충주시 수안보면 조산공원길 99,"['반려동물 동반 불가', '장애인 안내 동물 동반 가능']"
수안보 파크 호텔,충북,충주시,충북 충주시 수안보면 탑골1길 36,['반려동물 동반 불가']
수안보상록호텔,충북,충주시,충북 충주시 수안보면 주정산로 22,['반려동물 동반 불가']
호텔뮤제오,충북,청주시,충북 청주시 흥덕구 가로수로1164번길 41-20,"['반려동물 동반 불가', '장애인 안내 동물 동반 가능']"
세종 스파텔,충북,청주시,충북 청주시 청원구 내수읍 신기초정로 699,['반려동물 동반 불가']
더 마크 호텔,충북,청주시,충북 청주시 흥덕구 가로수로1164번길 41-34,['반려동물 동반 불가']
뉴베라관광호텔,충북,청주시,충북 청주시 흥덕구 풍년로193번길 32,"['반려동물 동반 불가', '장애인 안내 동물 동반 가능']"
청주 나무호텔,인천,미추홀구,인천 미추홀구 경인로435번길 7-8,['반려동물 동반 불가']
그랜드 플라자 청주,충북,청주시,충북 청주시 청원구 충청대로 114,"['반려동물 동반 불가', '장애인 안내 동물 동반 가능']"
레지던스 호텔 블루오션뷰,울산,울주군,울산 울주군 서생면 진하해변길 74,['반려동물 동반 불가']
호텔현대 바이 라한 울산,울산,동구,울산 동구 방어진순환도로 871,['반려동물 동반 불가']
에쉬튼호텔,울산,남구,울산 남구 중앙로213번길 8,['반려동물 동반 불가']
토요코인 울산 삼산동,울산,남구,울산 남구 삼산로 308,"['반려동물 동반 불가', '장애인 안내 동물 동반 가능']"
브라운도트호텔 울산신천점,울산,북구,울산 북구 매산5로 14,['반려동물 동반 불가']
여우비 호텔,울산,남구,울산 남구 산업로647번길 14,['반려동물 동반 불가']
H 호텔 울산,울산,남구,울산 남구 화합로178번길 7,['반려동물 동반 불가']
신라스테이 울산,울산,남구,울산광역시 남구 삼산로 200,"['반려동물 동반 불가', '장애인 안내 동물 동반 가능']"
롯데시티호텔 울산,울산,남구,울산 남구 삼산로 204,['반려동물 동반 불가']
해야관광호텔,울산,남구,울산 남구 삼산로395번길 11,['반려동물 동반 불가']
울산시티호텔,울산,남구,울산 남구 삼산로 246,['반려동물 동반 불가']
롯데 호텔 울산,울산,남구,울산 남구 삼산로 282,"['반려동물 동반 불가', '장애인 안내 동물 동반 가능']"
호텔 다움,울산,중구,울산 중구 번영로 538,['반려동물 동반 불가']
뉴국제호텔,서울,중구,서울 중구 세종대로22길 12,['반려동물 동반 불가']
그레이스리 호텔 서울,서울,중구,서울 중구 세종대로12길 12,"['반려동물 동반 불가', '장애인 안내 동물 동반 가능']"
나인트리 호텔 명동,서울,중구,서울 중구 명동10길 51,"['반려동물 동반 불가', '장애인 안내 동물 동반 가능']"
호텔 미드시티 명동,서울,중구,서울 중구 다동길 30,['반려동물 동반 불가']
스타즈 호텔 명동 1,서울,중구,서울 중구 충무로9길 20,['반려동물 동반 불가']
라마다 플라자 바이 윈덤 돌산 여수,전남,여수시,전남 여수시 돌산읍 강남로 11,"['반려동물 동반 불가', '장애인 안내 동물 동반 가능']"
여수 베네치아 호텔 & 리조트,전남,여수시,전남 여수시 오동도로 61-13,['반려동물 동반 불가']
유탑 마리나 호텔 & 리조트,전남,여수시,전남 여수시 오동도로 61-15,['반려동물 동반 불가']
히든 베이 호텔,전남,여수시,전남 여수시 신월로 496-25,['반려동물 동반 불가']
소노캄 여수,전남,여수시,전남 여수시 오동도로 111,"['반려동물 동반 불가', '장애인 안내 동물 동반 가능']"
호텔 JCS 여수,전남,여수시,전남 여수시 돌산읍 돌산로 3169-14,['반려동물 동반 불가']
그랜드 조선 제주,제주,서귀포시,제주특별자치도 서귀포시 중문관광로72번길 60,"['반려동물 동반 불가', '장애인 안내 동물 동반 가능']"
WE호텔 제주,제주,서귀포시,제주특별자치도 서귀포시 1100로 453-95,"['반려동물 동반 불가', '장애인 안내 동물 동반 가능']"
씨에스 호텔 앤 리조트,제주,서귀포시,제주특별자치도 서귀포시 중문관광로 198,['반려동물 동반 불가']
롯데 호텔 제주,제주,제주시,제주특별자치도 제주시 도령로 83,"['반려동물 동반 불가', '장애인 안내 동물 동반 가능']"
제주신라호텔,제주,서귀포시,제주특별자치도 서귀포시 중문관광로72번길 75,"['반려동물 동반 불가', '장애인 안내 동물 동반 가능']"
더 스위트 호텔 제주,제주,서귀포시,제주특별자치도 서귀포시 중문관광로72번길 67,['반려동물 동반 불가']
롯데 호텔 부산,부산,부산진구,부산 부산진구 가야대로 772,"['반려동물 동반 불가', '장애인 안내 동물 동반 가능']"
호텔 농심,부산,동래구,부산 동래구 금강공원로20번길 23,['반려동물 동반 불가']
서울 신라호텔,서울,중구,서울 중구 동호로 249,"['반려동물 동반 불가', '장애인 안내 동물 동반 가능']"
포시즌스호텔 서울,서울,종로구,서울 종로구 새문안로 97,"['반려동물 동반 가능(객실당 1마리, 1마리당 최대 10 kg)*', '제한 사항 적용*', '반려동물 감독 필수', '먹이/물 그릇 이용 가능']"
웨스틴 조선 서울,서울,중구,서울 중구 소공로 106,['반려동물 동반 불가']
그랜드 하얏트 서울,서울,용산구,서울 용산구 소월로 322,['반려동물 동반 불가']
아바니 센트럴 부산,부산,남구,부산 남구 전포대로 133,['반려동물 동반 불가']
코오롱 씨클라우드 호텔,부산,해운대구,부산 해운대구 해운대해변로 287,['반려동물 동반 불가']
신라스테이 해운대,부산,해운대구,부산 해운대구 해운대로570번길 46,"['반려동물 동반 불가', '장애인 안내 동물 동반 가능']"
펠릭스 바이 STX 호텔 & 스위트,부산,해운대구,부산 해운대구 해운대로 620,"['반려동물 동반 불가', '장애인 안내 동물 동반 가능']"
라발스호텔,부산,영도구,부산 영도구 봉래나루로 82,['반려동물 동반 불가']
이비스 앰배서더 부산 해운대,부산,해운대구,부산 해운대구 해운대해변로237번길 12,['반려동물 동반 불가']
이비스 버젯 앰배서더 부산 해운대,부산,해운대구,부산 해운대구 해운대해변로209번길 8,['반려동물 동반 불가']
페어필드 바이 메리어트 부산,부산,해운대구,부산 해운대구 해운대해변로 314,['반려동물 동반 불가']
베스트 웨스턴 해운대 호텔,부산,해운대구,부산 해운대구 구남로 42,"['반려동물 동반 불가', '장애인 안내 동물 동반 가능']"
마리안느 호텔,부산,해운대구,부산 해운대구 해운대해변로 310,['반려동물 동반 불가']
베니키아 호텔 해운대,부산,해운대구,부산 해운대구 해운대해변로 317,['반려동물 동반 불가']
센텀 프리미어 호텔,부산,해운대구,부산 해운대구 센텀1로 17,"['반려동물 동반 불가', '장애인 안내 동물 동반 가능']"
라마다앙코르부산역 호텔,부산,동구,부산 동구 초량동 중앙대로196번길 10,['반려동물 동반 불가']
크라운 하버 호텔 부산,부산,중구,부산 중구 중앙대로 114,"['반려동물 동반 불가', '장애인 안내 동물 동반 가능']"
스탠포드 호텔 부산,부산,중구,부산 중구 구덕로 53,"['반려동물 동반 불가', '장애인 안내 동물 동반 가능']"
부산 비즈니스 호텔,부산,부산진구,부산 부산진구 부전로 67,['반려동물 동반 불가']
솔라리아 니시테츠 호텔 부산,부산,부산진구,부산 부산진구 서면로 20,"['반려동물 동반 불가', '장애인 안내 동물 동반 가능']"
아르반호텔,부산,부산진구,부산 부산진구 중앙대로691번길 32,"['반려동물 동반 가능(반려견만 허용, 객실당 1마리, 1마리당 최대 10 kg)*', '장애인 안내 동물 동반 가능', '특정 객실만, 제한 사항 적용*', '반려동물 감독 필수']"
